ID,Category,strong_action_score,weak_phrase_score,section_score,impact_score
16852973,HR,5,0,3,0
22323967,HR,7,0,3,0
33176873,HR,6,0,3,0
27018550,HR,2,0,3,0
17812897,HR,3,0,3,0
11592605,HR,6,0,3,0
25824789,HR,4,0,3,0
15375009,HR,5,0,2,0
11847784,HR,4,0,3,0
32896934,HR,1,0,3,0
29149998,HR,3,0,3,0
11480899,HR,3,0,3,0
23155093,HR,1,0,3,0
11763983,HR,5,0,3,0
27490876,HR,2,0,3,0
32977530,HR,5,0,3,0
93002334,HR,4,0,3,0
24184357,HR,4,0,3,0
73077810,HR,4,0,3,0
13879043,HR,5,0,3,0
30163002,HR,5,0,3,0
18827609,HR,3,0,3,0
25676643,HR,5,0,3,0
12786012,HR,3,0,3,0
87968870,HR,4,0,3,0
46258701,HR,4,0,3,0
14225422,HR,1,0,3,0
29297973,HR,5,0,3,0
18334783,HR,4,0,3,0
19717385,HR,2,0,3,0
49937469,HR,5,0,3,0
18316239,HR,4,0,3,0
17855844,HR,5,0,3,0
57667857,HR,5,0,3,0
17422560,HR,3,0,3,0
32947778,HR,5,0,3,0
23914451,HR,5,0,3,0
21265194,HR,3,0,3,0
51769822,HR,5,0,3,0
19616406,HR,2,0,3,0
41523474,HR,2,0,3,0
59962788,HR,4,0,3,0
86184722,HR,6,0,3,0
28419173,HR,2,0,3,0
18155310,HR,4,0,3,0
26780935,HR,3,0,3,0
34554248,HR,6,0,3,0
26202430,HR,8,0,3,0
19867922,HR,0,0,3,0
91930382,HR,3,0,3,0
30646367,HR,3,0,3,0
39650734,HR,6,0,3,0
72231872,HR,5,0,3,0
13520837,HR,6,0,3,0
18422164,HR,2,0,3,0
30862904,HR,6,0,3,0
52979663,HR,3,0,3,0
28828844,HR,4,0,3,0
21830565,HR,7,0,3,0
27523575,HR,5,0,3,0
39081840,HR,4,0,3,0
20925036,HR,3,0,3,0
15576950,HR,4,0,3,0
29564653,HR,4,0,3,0
14886205,HR,6,0,3,0
17412079,HR,4,0,3,0
16861758,HR,1,0,3,0
93112113,HR,1,0,3,0
15041689,HR,2,0,3,0
80162314,HR,2,0,3,0
20993320,HR,5,0,3,0
14640322,HR,0,0,3,0
26289308,HR,3,0,3,0
23408537,HR,4,0,3,0
28808263,HR,3,0,3,0
18084150,HR,5,0,3,0
26671167,HR,1,0,3,0
44476983,HR,6,0,3,0
16877897,HR,1,0,3,0
29091445,HR,4,0,3,0
25724495,HR,2,0,3,0
24508725,HR,3,0,3,0
11698189,HR,2,0,3,0
27165830,HR,2,0,3,0
47470864,HR,1,0,3,0
34740556,HR,3,0,3,0
18557164,HR,1,0,3,0
19179079,HR,5,0,3,0
13376919,HR,5,0,3,0
26048718,HR,6,0,3,0
17150707,HR,2,0,3,0
18297650,HR,4,0,3,0
23510685,HR,7,0,3,0
39970711,HR,4,0,3,0
20806155,HR,7,0,3,0
28640735,HR,9,0,3,0
15575117,HR,4,0,3,0
27496514,HR,5,0,3,0
14256329,HR,2,0,3,0
19336728,HR,2,0,3,0
10694288,HR,0,0,3,0
28175164,HR,5,0,3,0
10399912,HR,3,0,3,0
20417897,HR,4,0,3,0
18731098,HR,5,0,3,0
30563572,HR,6,0,3,0
24402267,HR,0,1,3,0
32308556,HR,1,0,3,0
27847081,HR,6,0,3,0
25150191,HR,1,0,3,0
37058472,DESIGNER,5,0,3,0
68240723,DESIGNER,5,0,3,0
76010167,DESIGNER,0,0,3,0
19164410,DESIGNER,3,0,3,0
29147100,DESIGNER,2,0,3,0
25061645,DESIGNER,2,0,3,0
11919526,DESIGNER,6,0,3,0
81011612,DESIGNER,1,0,3,0
11722421,DESIGNER,4,0,3,0
13774329,DESIGNER,2,0,3,0
35990852,DESIGNER,7,0,3,0
36269672,DESIGNER,0,0,2,0
90066849,DESIGNER,4,1,2,0
27529455,DESIGNER,5,0,3,0
85101052,DESIGNER,3,0,3,0
22567495,DESIGNER,2,0,3,0
10751444,DESIGNER,5,0,3,0
11807040,DESIGNER,7,0,3,0
12415691,DESIGNER,6,0,3,0
38565119,DESIGNER,4,0,2,0
21705160,DESIGNER,0,0,3,0
26496059,DESIGNER,8,0,3,0
29524570,DESIGNER,2,0,3,0
15936656,DESIGNER,3,0,3,0
13557622,DESIGNER,0,0,3,0
41506705,DESIGNER,3,0,3,0
32954522,DESIGNER,2,0,3,0
44185767,DESIGNER,6,0,3,0
14014749,DESIGNER,1,0,3,0
34349255,DESIGNER,2,0,3,0
16288901,DESIGNER,1,0,3,0
25422388,DESIGNER,4,0,3,0
22496394,DESIGNER,3,0,3,0
38744475,DESIGNER,5,0,3,0
67582956,DESIGNER,4,0,3,0
26676567,DESIGNER,6,0,3,0
14724186,DESIGNER,1,0,2,0
10748989,DESIGNER,2,0,2,0
26924514,DESIGNER,7,0,3,0
12674307,DESIGNER,1,0,3,0
23951429,DESIGNER,3,0,3,0
26046064,DESIGNER,3,0,3,0
28326441,DESIGNER,8,0,3,0
78149576,DESIGNER,0,0,3,0
17555081,DESIGNER,5,0,3,0
39776400,DESIGNER,3,0,3,0
37263609,DESIGNER,3,0,3,0
13518263,DESIGNER,3,0,3,0
11155153,DESIGNER,5,0,3,0
54201930,DESIGNER,5,0,3,0
10466583,DESIGNER,1,0,2,0
26790545,DESIGNER,1,0,3,0
11958994,DESIGNER,1,0,3,0
30968749,DESIGNER,7,0,3,0
20932019,DESIGNER,3,0,3,0
51681660,DESIGNER,3,0,3,0
34657584,DESIGNER,1,0,3,0
15471999,DESIGNER,3,0,3,0
18979238,DESIGNER,2,0,3,0
26622051,DESIGNER,2,0,3,0
22675694,DESIGNER,2,0,3,0
25023614,DESIGNER,2,0,3,0
20390397,DESIGNER,1,0,3,0
17199951,DESIGNER,3,0,3,0
14743911,DESIGNER,5,0,3,0
24455357,DESIGNER,3,0,3,0
91153752,DESIGNER,2,0,3,0
14528265,DESIGNER,1,0,3,0
18460045,DESIGNER,0,0,2,0
20986595,DESIGNER,5,0,3,0
20748926,DESIGNER,2,0,3,0
32532982,DESIGNER,6,0,3,0
34317538,DESIGNER,7,0,3,0
19195747,DESIGNER,6,0,3,0
12547982,DESIGNER,3,1,3,0
94417768,DESIGNER,5,0,3,0
24655918,DESIGNER,4,0,3,0
27497542,DESIGNER,3,0,3,0
62312955,DESIGNER,3,0,3,0
22506245,DESIGNER,2,0,3,0
28663949,DESIGNER,1,0,3,0
39434376,DESIGNER,0,0,3,0
13998435,DESIGNER,4,0,3,0
30965258,DESIGNER,5,0,3,0
18835363,DESIGNER,4,0,3,0
26503829,DESIGNER,1,0,3,0
18198627,DESIGNER,2,0,3,0
39252859,DESIGNER,1,0,3,0
34051710,DESIGNER,0,0,3,0
37664296,DESIGNER,7,0,3,0
21916744,DESIGNER,4,0,3,0
15425154,DESIGNER,6,0,3,0
24285142,DESIGNER,5,0,3,0
24583187,DESIGNER,3,0,3,0
29865476,DESIGNER,3,0,3,0
25949631,DESIGNER,4,0,3,0
21283733,DESIGNER,4,0,3,0
51018476,DESIGNER,3,0,3,0
13014900,DESIGNER,5,0,3,0
44145704,DESIGNER,4,0,3,0
18795567,DESIGNER,3,0,3,0
42384185,DESIGNER,5,0,3,0
26942552,DESIGNER,4,0,2,0
67645662,DESIGNER,3,0,3,0
34511655,DESIGNER,6,0,3,0
37695494,DESIGNER,2,0,3,0
93301686,DESIGNER,5,0,3,0
36856210,INFORMATION-TECHNOLOGY,4,0,3,0
21780877,INFORMATION-TECHNOLOGY,1,0,3,0
33241454,INFORMATION-TECHNOLOGY,0,0,3,0
25990239,INFORMATION-TECHNOLOGY,2,0,3,0
16899268,INFORMATION-TECHNOLOGY,5,0,3,0
91635250,INFORMATION-TECHNOLOGY,6,0,3,0
19796840,INFORMATION-TECHNOLOGY,5,0,3,0
15651486,INFORMATION-TECHNOLOGY,5,0,3,0
52246737,INFORMATION-TECHNOLOGY,5,0,3,0
12045067,INFORMATION-TECHNOLOGY,5,0,3,0
13836471,INFORMATION-TECHNOLOGY,3,0,3,0
14789139,INFORMATION-TECHNOLOGY,6,0,3,0
36434348,INFORMATION-TECHNOLOGY,3,0,3,0
27536013,INFORMATION-TECHNOLOGY,3,0,3,0
18301617,INFORMATION-TECHNOLOGY,3,0,3,0
24913648,INFORMATION-TECHNOLOGY,3,0,3,0
26801767,INFORMATION-TECHNOLOGY,4,0,3,0
27372171,INFORMATION-TECHNOLOGY,3,0,3,0
91697974,INFORMATION-TECHNOLOGY,4,0,3,0
28672970,INFORMATION-TECHNOLOGY,2,0,3,0
66832845,INFORMATION-TECHNOLOGY,3,0,2,0
25207620,INFORMATION-TECHNOLOGY,2,0,3,0
41344156,INFORMATION-TECHNOLOGY,6,0,3,0
68460556,INFORMATION-TECHNOLOGY,2,0,3,0
10247517,INFORMATION-TECHNOLOGY,5,0,3,0
25959103,INFORMATION-TECHNOLOGY,1,0,3,0
13385306,INFORMATION-TECHNOLOGY,3,0,3,0
38753827,INFORMATION-TECHNOLOGY,6,0,3,0
17681064,INFORMATION-TECHNOLOGY,3,0,3,0
25905275,INFORMATION-TECHNOLOGY,2,0,3,0
11580408,INFORMATION-TECHNOLOGY,6,0,3,0
19201175,INFORMATION-TECHNOLOGY,1,0,3,0
12635195,INFORMATION-TECHNOLOGY,3,0,3,0
32959732,INFORMATION-TECHNOLOGY,5,0,3,0
17688766,INFORMATION-TECHNOLOGY,4,0,3,0
20024870,INFORMATION-TECHNOLOGY,4,0,3,0
22450718,INFORMATION-TECHNOLOGY,6,0,3,0
46260230,INFORMATION-TECHNOLOGY,6,0,3,0
10839851,INFORMATION-TECHNOLOGY,2,0,2,0
18752129,INFORMATION-TECHNOLOGY,1,0,3,0
37764298,INFORMATION-TECHNOLOGY,4,0,3,0
90867631,INFORMATION-TECHNOLOGY,4,0,3,0
17641670,INFORMATION-TECHNOLOGY,4,0,3,0
24889109,INFORMATION-TECHNOLOGY,3,0,3,0
24083609,INFORMATION-TECHNOLOGY,3,0,3,0
24038620,INFORMATION-TECHNOLOGY,4,0,3,0
29051656,INFORMATION-TECHNOLOGY,7,0,3,0
20237244,INFORMATION-TECHNOLOGY,2,0,3,0
20001721,INFORMATION-TECHNOLOGY,4,0,3,0
92069209,INFORMATION-TECHNOLOGY,6,0,3,0
13405733,INFORMATION-TECHNOLOGY,7,0,3,0
28697203,INFORMATION-TECHNOLOGY,3,0,3,0
28035460,INFORMATION-TECHNOLOGY,8,0,3,0
21283365,INFORMATION-TECHNOLOGY,2,0,3,0
17987433,INFORMATION-TECHNOLOGY,3,0,3,0
10553553,INFORMATION-TECHNOLOGY,7,0,3,0
15118506,INFORMATION-TECHNOLOGY,5,0,3,0
18176523,INFORMATION-TECHNOLOGY,5,0,3,0
24020470,INFORMATION-TECHNOLOGY,2,0,3,0
70089206,INFORMATION-TECHNOLOGY,4,0,3,0
27770859,INFORMATION-TECHNOLOGY,4,0,3,0
57002858,INFORMATION-TECHNOLOGY,3,0,3,0
13477922,INFORMATION-TECHNOLOGY,1,0,3,0
28126340,INFORMATION-TECHNOLOGY,5,0,3,0
37242217,INFORMATION-TECHNOLOGY,5,0,3,0
10089434,INFORMATION-TECHNOLOGY,1,0,3,0
11957080,INFORMATION-TECHNOLOGY,8,0,3,0
35325329,INFORMATION-TECHNOLOGY,4,0,3,0
10840430,INFORMATION-TECHNOLOGY,4,0,3,0
64017585,INFORMATION-TECHNOLOGY,5,0,3,0
19850482,INFORMATION-TECHNOLOGY,3,0,3,0
52618188,INFORMATION-TECHNOLOGY,2,0,3,0
28897981,INFORMATION-TECHNOLOGY,5,0,3,0
51639418,INFORMATION-TECHNOLOGY,2,0,3,0
20674668,INFORMATION-TECHNOLOGY,6,0,2,0
23527321,INFORMATION-TECHNOLOGY,4,0,3,0
18159866,INFORMATION-TECHNOLOGY,6,0,3,0
22776912,INFORMATION-TECHNOLOGY,6,0,3,0
23864648,INFORMATION-TECHNOLOGY,5,0,3,0
18187364,INFORMATION-TECHNOLOGY,7,0,3,0
83816738,INFORMATION-TECHNOLOGY,7,0,3,0
20824105,INFORMATION-TECHNOLOGY,7,0,3,0
33381211,INFORMATION-TECHNOLOGY,4,0,3,0
16533554,INFORMATION-TECHNOLOGY,4,0,3,0
20879311,INFORMATION-TECHNOLOGY,7,0,3,0
31111279,INFORMATION-TECHNOLOGY,4,0,3,0
17111768,INFORMATION-TECHNOLOGY,3,0,3,0
11584809,INFORMATION-TECHNOLOGY,4,0,3,0
20408458,INFORMATION-TECHNOLOGY,5,0,3,0
91121135,INFORMATION-TECHNOLOGY,4,0,3,0
24230851,INFORMATION-TECHNOLOGY,1,0,3,0
40018190,INFORMATION-TECHNOLOGY,5,0,3,0
16186411,INFORMATION-TECHNOLOGY,4,0,3,0
29975124,INFORMATION-TECHNOLOGY,4,0,3,0
26746496,INFORMATION-TECHNOLOGY,4,0,3,0
89413122,INFORMATION-TECHNOLOGY,3,0,3,0
12334140,INFORMATION-TECHNOLOGY,2,0,3,0
10641230,INFORMATION-TECHNOLOGY,3,0,3,0
10265057,INFORMATION-TECHNOLOGY,0,0,3,0
30223363,INFORMATION-TECHNOLOGY,6,0,3,0
15791766,INFORMATION-TECHNOLOGY,6,0,3,0
29075857,INFORMATION-TECHNOLOGY,8,0,3,0
12763627,INFORMATION-TECHNOLOGY,3,0,3,0
39718499,INFORMATION-TECHNOLOGY,0,0,3,0
27058381,INFORMATION-TECHNOLOGY,2,0,3,0
25857360,INFORMATION-TECHNOLOGY,3,0,3,0
26768723,INFORMATION-TECHNOLOGY,3,0,3,0
31243710,INFORMATION-TECHNOLOGY,1,0,3,0
15297298,INFORMATION-TECHNOLOGY,5,0,3,0
27295996,INFORMATION-TECHNOLOGY,0,0,3,0
39413067,INFORMATION-TECHNOLOGY,7,0,3,0
48037995,INFORMATION-TECHNOLOGY,4,0,3,0
15802627,INFORMATION-TECHNOLOGY,6,0,3,0
51363762,INFORMATION-TECHNOLOGY,4,0,3,0
18067556,INFORMATION-TECHNOLOGY,7,0,3,0
27485716,INFORMATION-TECHNOLOGY,2,0,3,0
26480367,INFORMATION-TECHNOLOGY,2,0,3,0
81761658,INFORMATION-TECHNOLOGY,2,0,3,0
79541391,INFORMATION-TECHNOLOGY,5,0,3,0
23666211,INFORMATION-TECHNOLOGY,5,0,3,0
12467531,TEACHER,4,0,3,0
19918523,TEACHER,2,0,3,0
62184086,TEACHER,2,0,3,0
28063132,TEACHER,0,0,3,0
29797594,TEACHER,1,0,3,0
22408666,TEACHER,2,0,3,0
13087952,TEACHER,3,0,3,0
15850434,TEACHER,6,1,2,0
28772892,TEACHER,4,0,3,0
33704389,TEACHER,5,0,3,0
16210888,TEACHER,0,0,3,0
38750659,TEACHER,5,0,3,0
90363254,TEACHER,7,0,3,0
66906212,TEACHER,4,0,3,0
34745915,TEACHER,4,0,3,0
34689720,TEACHER,5,0,3,0
48547319,TEACHER,3,0,3,0
19464810,TEACHER,6,0,3,0
28086303,TEACHER,4,0,3,0
13855004,TEACHER,2,0,2,0
35421497,TEACHER,3,0,3,0
69005326,TEACHER,3,0,3,0
18001081,TEACHER,4,0,3,0
14958913,TEACHER,2,0,3,0
13296856,TEACHER,4,0,3,0
63391085,TEACHER,4,0,3,0
23939133,TEACHER,3,0,3,0
96547039,TEACHER,3,0,3,0
22807104,TEACHER,4,0,3,0
23628651,TEACHER,1,0,3,0
29486525,TEACHER,4,0,3,0
22510753,TEACHER,2,0,3,0
21773106,TEACHER,2,0,3,0
34465087,TEACHER,5,0,3,0
24791126,TEACHER,0,0,3,0
15899269,TEACHER,1,0,3,0
37402097,TEACHER,1,0,3,0
36206485,TEACHER,4,0,3,0
36569713,TEACHER,1,0,3,0
28013287,TEACHER,2,0,3,0
29267293,TEACHER,2,0,3,0
45286020,TEACHER,1,0,3,0
13330982,TEACHER,4,0,3,0
22551979,TEACHER,5,0,3,0
29639533,TEACHER,8,0,3,0
49285644,TEACHER,2,0,3,0
16270906,TEACHER,3,0,3,0
27531694,TEACHER,1,0,3,0
74816727,TEACHER,2,0,3,0
23398843,TEACHER,2,0,3,0
31552617,TEACHER,1,0,3,0
19556300,TEACHER,0,0,3,0
66683238,TEACHER,3,0,3,0
17311685,TEACHER,3,0,3,0
17481570,TEACHER,1,0,3,0
22884757,TEACHER,4,0,3,0
58708773,TEACHER,1,0,3,0
10527994,TEACHER,2,0,3,0
69532425,TEACHER,1,0,3,0
20399718,TEACHER,6,0,3,0
19302310,TEACHER,4,0,3,0
51209395,TEACHER,1,0,3,0
22632070,TEACHER,4,0,3,0
22056333,TEACHER,2,0,3,0
11336022,TEACHER,2,0,3,0
11616482,TEACHER,3,0,3,0
34033933,TEACHER,4,0,3,0
21531811,TEACHER,2,0,3,0
20626794,TEACHER,4,0,3,0
58665241,TEACHER,4,0,3,0
37660306,TEACHER,3,0,3,0
13583538,TEACHER,2,0,3,0
20230207,TEACHER,0,0,3,0
28642819,TEACHER,4,0,3,0
16820422,TEACHER,2,1,3,0
29930479,TEACHER,4,0,3,0
25588694,TEACHER,3,0,3,0
86597425,TEACHER,5,0,3,0
10909720,TEACHER,4,0,3,0
28933005,TEACHER,5,0,3,0
53129155,TEACHER,4,0,3,0
11943065,TEACHER,4,0,3,0
45987048,TEACHER,6,0,3,0
99244405,TEACHER,4,0,3,0
32067700,TEACHER,4,0,3,0
27126818,TEACHER,6,0,3,0
19786924,TEACHER,4,0,3,0
70892619,TEACHER,3,0,3,0
25729119,TEACHER,4,1,2,0
58105060,TEACHER,3,1,3,0
12587973,TEACHER,3,0,3,0
21611212,TEACHER,2,0,3,0
21550454,TEACHER,4,0,3,0
86322251,TEACHER,5,0,3,0
22968380,TEACHER,6,0,3,0
10504237,TEACHER,1,0,3,0
24240349,TEACHER,1,0,3,0
20478831,TEACHER,5,0,3,0
79663360,TEACHER,5,0,3,0
76196367,TEACHER,3,0,3,0
27524018,TEACHER,2,0,3,0
27798860,TEACHER,6,0,3,0
14445309,ADVOCATE,2,0,3,0
35474904,ADVOCATE,3,0,3,0
37348041,ADVOCATE,6,0,3,0
89508407,ADVOCATE,4,0,3,0
25873425,ADVOCATE,5,0,2,0
31040875,ADVOCATE,2,0,3,0
11188218,ADVOCATE,3,0,3,0
73448369,ADVOCATE,0,0,2,0
42164460,ADVOCATE,3,0,3,0
18725071,ADVOCATE,2,0,3,0
28974459,ADVOCATE,3,0,3,0
38291889,ADVOCATE,3,0,3,0
12171093,ADVOCATE,3,0,3,0
13967854,ADVOCATE,2,0,3,0
90468982,ADVOCATE,4,0,3,0
49475708,ADVOCATE,1,0,3,0
54067174,ADVOCATE,2,0,3,0
49486820,ADVOCATE,3,0,3,0
38860712,ADVOCATE,2,0,3,0
16332348,ADVOCATE,9,0,3,0
34970271,ADVOCATE,2,0,3,0
14064815,ADVOCATE,1,0,2,0
12544735,ADVOCATE,4,0,3,0
20138606,ADVOCATE,5,0,3,0
36694627,ADVOCATE,3,0,3,0
29926588,ADVOCATE,2,0,3,0
28206098,ADVOCATE,1,0,3,0
20765795,ADVOCATE,5,0,3,0
20272792,ADVOCATE,4,0,3,0
20324037,ADVOCATE,2,0,3,0
53169257,ADVOCATE,3,0,3,0
24588864,ADVOCATE,3,1,3,0
11963737,ADVOCATE,6,0,3,0
13593241,ADVOCATE,3,0,3,0
22391901,ADVOCATE,3,0,3,0
10344379,ADVOCATE,1,0,3,0
74126637,ADVOCATE,2,0,3,0
26071861,ADVOCATE,1,0,3,0
24410405,ADVOCATE,5,0,3,0
14146106,ADVOCATE,1,0,3,0
74191424,ADVOCATE,4,0,3,0
10186968,ADVOCATE,5,0,3,0
20400279,ADVOCATE,4,0,3,0
23427369,ADVOCATE,3,0,3,0
95714702,ADVOCATE,2,0,3,0
18997135,ADVOCATE,4,0,3,0
11773767,ADVOCATE,0,0,3,0
78538268,ADVOCATE,6,0,3,0
13909762,ADVOCATE,1,0,3,0
20604208,ADVOCATE,2,0,3,0
72652441,ADVOCATE,3,0,3,0
24754689,ADVOCATE,2,0,3,0
75057933,ADVOCATE,3,0,3,0
19063156,ADVOCATE,1,0,3,0
91051945,ADVOCATE,4,0,2,0
14176254,ADVOCATE,6,0,3,0
22259475,ADVOCATE,1,0,3,0
37560528,ADVOCATE,3,0,3,0
23577836,ADVOCATE,4,0,3,0
36392131,ADVOCATE,5,0,3,0
32965335,ADVOCATE,2,0,3,0
21614256,ADVOCATE,4,0,3,0
97405769,ADVOCATE,4,0,3,0
95970987,ADVOCATE,4,0,3,0
17021141,ADVOCATE,1,0,2,0
15337481,ADVOCATE,1,0,3,0
75950464,ADVOCATE,4,0,3,0
19518606,ADVOCATE,3,0,3,0
15727656,ADVOCATE,0,0,3,0
31242382,ADVOCATE,3,0,3,0
29173771,ADVOCATE,5,0,2,0
19108760,ADVOCATE,5,0,3,0
14708590,ADVOCATE,2,0,3,0
77439230,ADVOCATE,5,0,3,0
40088790,ADVOCATE,4,0,3,0
22042181,ADVOCATE,4,0,3,0
29415426,ADVOCATE,3,0,3,0
37333719,ADVOCATE,2,0,3,0
15313140,ADVOCATE,1,0,3,0
13072354,ADVOCATE,7,0,3,0
20544228,ADVOCATE,2,0,3,0
30741799,ADVOCATE,4,0,3,0
17847636,ADVOCATE,1,0,3,0
80503242,ADVOCATE,6,0,3,0
26456474,ADVOCATE,1,0,3,0
10818478,ADVOCATE,3,0,3,0
24124250,ADVOCATE,3,0,3,0
37640804,ADVOCATE,2,0,3,0
27182111,ADVOCATE,3,0,3,0
11174187,ADVOCATE,1,0,3,0
47133747,ADVOCATE,2,0,3,0
10659182,ADVOCATE,1,0,3,0
35344611,ADVOCATE,6,0,3,0
13342150,ADVOCATE,5,0,3,0
28111403,ADVOCATE,4,0,3,0
34327438,ADVOCATE,1,0,3,0
15958967,ADVOCATE,4,0,3,0
13115648,ADVOCATE,3,0,3,0
46772262,ADVOCATE,2,0,3,0
38059130,ADVOCATE,3,0,3,0
24695561,ADVOCATE,2,0,3,0
93512385,ADVOCATE,3,0,3,0
38698573,ADVOCATE,3,0,3,0
18090899,ADVOCATE,6,0,3,0
23804341,ADVOCATE,2,0,3,0
29177904,ADVOCATE,4,0,3,0
17911230,ADVOCATE,5,0,3,0
19926135,ADVOCATE,2,0,3,0
44115326,ADVOCATE,3,0,3,0
75435017,ADVOCATE,1,0,3,0
19234823,ADVOCATE,7,0,2,0
13809698,ADVOCATE,2,0,2,0
17254634,ADVOCATE,1,0,3,0
28871170,ADVOCATE,4,0,3,0
24946537,ADVOCATE,5,0,3,0
28635795,ADVOCATE,2,0,3,0
24763208,ADVOCATE,4,0,3,0
17165107,ADVOCATE,3,0,3,0
65708020,BUSINESS-DEVELOPMENT,7,0,2,0
36805025,BUSINESS-DEVELOPMENT,5,0,3,0
13080868,BUSINESS-DEVELOPMENT,5,0,3,0
20748929,BUSINESS-DEVELOPMENT,4,0,3,0
26581830,BUSINESS-DEVELOPMENT,5,0,3,0
38688388,BUSINESS-DEVELOPMENT,7,0,3,0
25397102,BUSINESS-DEVELOPMENT,3,0,3,0
12059198,BUSINESS-DEVELOPMENT,3,0,3,0
10228751,BUSINESS-DEVELOPMENT,3,0,3,0
61677751,BUSINESS-DEVELOPMENT,7,0,3,0
20553895,BUSINESS-DEVELOPMENT,1,0,2,0
18757174,BUSINESS-DEVELOPMENT,0,0,3,0
14726000,BUSINESS-DEVELOPMENT,4,0,3,0
29208172,BUSINESS-DEVELOPMENT,6,0,3,0
40792022,BUSINESS-DEVELOPMENT,3,0,3,0
17095812,BUSINESS-DEVELOPMENT,5,0,3,0
27850777,BUSINESS-DEVELOPMENT,5,0,3,0
90629382,BUSINESS-DEVELOPMENT,5,0,3,0
34797369,BUSINESS-DEVELOPMENT,7,0,3,0
98379112,BUSINESS-DEVELOPMENT,5,0,2,0
37521676,BUSINESS-DEVELOPMENT,1,0,3,0
10501991,BUSINESS-DEVELOPMENT,5,0,2,0
18293620,BUSINESS-DEVELOPMENT,5,0,3,0
19557384,BUSINESS-DEVELOPMENT,4,0,3,0
15423153,BUSINESS-DEVELOPMENT,8,0,3,0
20357858,BUSINESS-DEVELOPMENT,4,0,3,0
12546838,BUSINESS-DEVELOPMENT,4,0,3,0
24647386,BUSINESS-DEVELOPMENT,5,0,3,0
23568641,BUSINESS-DEVELOPMENT,2,0,3,0
22423839,BUSINESS-DEVELOPMENT,4,0,3,0
19738730,BUSINESS-DEVELOPMENT,1,0,3,0
32531824,BUSINESS-DEVELOPMENT,5,0,3,0
34046031,BUSINESS-DEVELOPMENT,3,0,3,0
14825300,BUSINESS-DEVELOPMENT,3,0,3,0
37391947,BUSINESS-DEVELOPMENT,2,0,3,0
26896699,BUSINESS-DEVELOPMENT,4,0,3,0
11289482,BUSINESS-DEVELOPMENT,5,0,3,0
29908929,BUSINESS-DEVELOPMENT,4,0,3,0
10704573,BUSINESS-DEVELOPMENT,5,0,3,0
14990354,BUSINESS-DEVELOPMENT,3,0,3,0
24964303,BUSINESS-DEVELOPMENT,6,0,3,0
82118447,BUSINESS-DEVELOPMENT,8,0,3,0
18236085,BUSINESS-DEVELOPMENT,4,0,3,0
29825044,BUSINESS-DEVELOPMENT,3,0,3,0
77576845,BUSINESS-DEVELOPMENT,2,0,3,0
39237915,BUSINESS-DEVELOPMENT,4,0,3,0
28916894,BUSINESS-DEVELOPMENT,6,0,3,0
26278597,BUSINESS-DEVELOPMENT,1,0,3,0
80275976,BUSINESS-DEVELOPMENT,4,0,3,0
11088337,BUSINESS-DEVELOPMENT,6,0,3,0
23396633,BUSINESS-DEVELOPMENT,4,0,3,0
12814706,BUSINESS-DEVELOPMENT,6,0,3,0
39875803,BUSINESS-DEVELOPMENT,4,0,3,0
30938994,BUSINESS-DEVELOPMENT,7,0,3,0
16694152,BUSINESS-DEVELOPMENT,5,0,3,0
15233524,BUSINESS-DEVELOPMENT,4,0,3,0
81310245,BUSINESS-DEVELOPMENT,8,0,3,0
22025574,BUSINESS-DEVELOPMENT,4,0,3,0
13888506,BUSINESS-DEVELOPMENT,6,0,3,0
79759716,BUSINESS-DEVELOPMENT,4,0,3,0
10541358,BUSINESS-DEVELOPMENT,7,0,3,0
31638814,BUSINESS-DEVELOPMENT,2,0,3,0
25370801,BUSINESS-DEVELOPMENT,3,0,3,0
27796199,BUSINESS-DEVELOPMENT,3,0,3,0
10289113,BUSINESS-DEVELOPMENT,5,0,3,0
27219200,BUSINESS-DEVELOPMENT,5,0,3,0
10235211,BUSINESS-DEVELOPMENT,1,0,3,0
14287992,BUSINESS-DEVELOPMENT,8,0,3,0
47067533,BUSINESS-DEVELOPMENT,2,0,3,0
14241621,BUSINESS-DEVELOPMENT,6,0,3,0
27213082,BUSINESS-DEVELOPMENT,5,0,3,0
31813535,BUSINESS-DEVELOPMENT,5,0,3,0
17115815,BUSINESS-DEVELOPMENT,1,0,3,0
20317319,BUSINESS-DEVELOPMENT,5,0,3,0
38007664,BUSINESS-DEVELOPMENT,2,0,3,0
24412546,BUSINESS-DEVELOPMENT,4,0,3,0
29014805,BUSINESS-DEVELOPMENT,6,0,3,0
12377803,BUSINESS-DEVELOPMENT,4,0,3,0
32385553,BUSINESS-DEVELOPMENT,1,0,3,0
13199813,BUSINESS-DEVELOPMENT,5,0,3,0
11551946,BUSINESS-DEVELOPMENT,6,0,3,0
22765255,BUSINESS-DEVELOPMENT,5,0,3,0
20427934,BUSINESS-DEVELOPMENT,4,0,3,0
35673335,BUSINESS-DEVELOPMENT,6,0,3,0
16846478,BUSINESS-DEVELOPMENT,5,0,3,0
89197180,BUSINESS-DEVELOPMENT,7,0,3,0
36574147,BUSINESS-DEVELOPMENT,6,0,3,0
27004930,BUSINESS-DEVELOPMENT,4,0,3,0
12230301,BUSINESS-DEVELOPMENT,6,0,3,0
59696315,BUSINESS-DEVELOPMENT,3,0,3,0
20633855,BUSINESS-DEVELOPMENT,1,0,3,0
18311419,BUSINESS-DEVELOPMENT,5,0,3,0
16091352,BUSINESS-DEVELOPMENT,5,0,3,0
27375577,BUSINESS-DEVELOPMENT,6,0,3,0
25813953,BUSINESS-DEVELOPMENT,6,0,3,0
76916835,BUSINESS-DEVELOPMENT,4,0,3,0
17730889,BUSINESS-DEVELOPMENT,6,0,3,0
67501448,BUSINESS-DEVELOPMENT,2,0,3,0
17421910,BUSINESS-DEVELOPMENT,5,0,3,0
12632728,BUSINESS-DEVELOPMENT,0,0,0,0
91467795,BUSINESS-DEVELOPMENT,4,0,3,0
13574264,BUSINESS-DEVELOPMENT,4,0,3,0
27139412,BUSINESS-DEVELOPMENT,4,0,3,0
14070138,BUSINESS-DEVELOPMENT,4,0,3,0
15811992,BUSINESS-DEVELOPMENT,2,0,3,0
14871762,BUSINESS-DEVELOPMENT,3,0,3,0
17597372,BUSINESS-DEVELOPMENT,3,0,3,0
18937778,BUSINESS-DEVELOPMENT,5,0,2,0
14861855,BUSINESS-DEVELOPMENT,5,0,3,0
36170003,BUSINESS-DEVELOPMENT,1,0,3,0
27937592,BUSINESS-DEVELOPMENT,4,0,3,0
16519708,BUSINESS-DEVELOPMENT,7,0,3,0
17602815,BUSINESS-DEVELOPMENT,3,0,3,0
28337049,BUSINESS-DEVELOPMENT,5,0,2,0
33424600,BUSINESS-DEVELOPMENT,3,0,2,0
32042584,BUSINESS-DEVELOPMENT,1,0,3,0
14752209,BUSINESS-DEVELOPMENT,8,0,3,0
31273310,BUSINESS-DEVELOPMENT,1,0,3,0
14055971,BUSINESS-DEVELOPMENT,6,0,3,0
95382114,BUSINESS-DEVELOPMENT,7,0,3,0
23617240,HEALTHCARE,7,0,3,0
23138078,HEALTHCARE,2,0,3,0
51777546,HEALTHCARE,5,0,3,0
69199666,HEALTHCARE,4,0,3,0
93988900,HEALTHCARE,5,0,3,0
41910253,HEALTHCARE,2,0,3,0
28670024,HEALTHCARE,5,0,3,0
36625776,HEALTHCARE,7,0,3,0
96260484,HEALTHCARE,4,0,3,0
11378657,HEALTHCARE,6,0,3,0
34962725,HEALTHCARE,1,0,3,0
18365443,HEALTHCARE,3,0,3,0
26125407,HEALTHCARE,2,0,2,0
54934269,HEALTHCARE,1,0,3,0
37374340,HEALTHCARE,6,0,3,0
25328428,HEALTHCARE,1,0,3,0
56520872,HEALTHCARE,1,0,3,0
23944036,HEALTHCARE,4,0,3,0
19090468,HEALTHCARE,3,0,3,0
16132195,HEALTHCARE,1,0,3,0
27030979,HEALTHCARE,4,0,3,0
17960690,HEALTHCARE,4,0,3,0
17624934,HEALTHCARE,3,0,3,0
22008817,HEALTHCARE,3,0,3,0
20835760,HEALTHCARE,3,0,3,0
87520378,HEALTHCARE,6,0,3,0
58879993,HEALTHCARE,6,0,3,0
64471954,HEALTHCARE,3,0,3,0
18714571,HEALTHCARE,1,0,3,0
20748468,HEALTHCARE,7,0,3,0
98300955,HEALTHCARE,8,0,3,0
11653906,HEALTHCARE,5,0,3,0
10466208,HEALTHCARE,4,0,3,0
13352113,HEALTHCARE,2,0,3,0
20110597,HEALTHCARE,2,0,3,0
20211577,HEALTHCARE,1,0,3,0
12315079,HEALTHCARE,4,0,3,0
10480456,HEALTHCARE,3,0,3,0
75297735,HEALTHCARE,2,0,3,0
49325370,HEALTHCARE,7,0,3,0
21866029,HEALTHCARE,5,0,3,0
14667957,HEALTHCARE,5,0,3,0
10062724,HEALTHCARE,7,0,3,0
43994605,HEALTHCARE,3,0,3,0
23814777,HEALTHCARE,3,0,3,0
28745844,HEALTHCARE,2,0,3,0
17864043,HEALTHCARE,6,1,3,0
16121387,HEALTHCARE,7,0,3,0
10076271,HEALTHCARE,6,0,3,0
80876647,HEALTHCARE,2,0,3,0
36861863,HEALTHCARE,1,0,3,0
24025053,HEALTHCARE,5,0,3,0
17545780,HEALTHCARE,4,0,2,0
95011061,HEALTHCARE,1,0,3,0
13565152,HEALTHCARE,6,0,3,0
75744306,HEALTHCARE,5,0,3,0
26908066,HEALTHCARE,4,0,3,0
11704150,HEALTHCARE,1,0,2,0
27917969,HEALTHCARE,5,0,3,0
12613221,HEALTHCARE,1,0,3,0
15680735,HEALTHCARE,2,0,3,0
13575312,HEALTHCARE,7,0,3,0
15636923,HEALTHCARE,1,0,3,0
14062078,HEALTHCARE,2,0,3,0
37001381,HEALTHCARE,2,0,3,0
32219038,HEALTHCARE,1,0,3,0
10251432,HEALTHCARE,2,0,3,0
28423028,HEALTHCARE,5,0,3,0
46349752,HEALTHCARE,2,0,3,0
26958533,HEALTHCARE,0,0,3,0
23110214,HEALTHCARE,3,0,3,0
17963031,HEALTHCARE,5,0,3,0
60624892,HEALTHCARE,4,0,3,0
23918545,HEALTHCARE,4,0,3,0
20172393,HEALTHCARE,1,0,3,0
39082090,HEALTHCARE,4,0,3,0
98309114,HEALTHCARE,5,0,3,0
16702198,HEALTHCARE,3,0,3,0
45907524,HEALTHCARE,4,0,3,0
12333703,HEALTHCARE,3,0,3,0
15499825,HEALTHCARE,4,0,3,0
85417107,HEALTHCARE,2,0,3,0
33750209,HEALTHCARE,1,0,3,0
24548333,HEALTHCARE,3,0,3,0
16356151,HEALTHCARE,2,0,3,0
20736486,HEALTHCARE,3,0,3,0
18784594,HEALTHCARE,5,0,3,0
85421438,HEALTHCARE,3,0,3,0
33803142,HEALTHCARE,4,0,3,0
47996197,HEALTHCARE,5,0,3,0
11605833,HEALTHCARE,1,0,3,0
25451319,HEALTHCARE,5,0,2,0
91478356,HEALTHCARE,2,0,3,0
29134372,HEALTHCARE,3,0,3,0
35579812,HEALTHCARE,2,0,3,0
12938200,HEALTHCARE,1,0,3,0
31926950,HEALTHCARE,4,0,3,0
32563518,HEALTHCARE,5,0,3,0
29992154,HEALTHCARE,2,0,3,0
25974844,HEALTHCARE,4,0,3,0
18129173,HEALTHCARE,2,0,3,0
26585242,HEALTHCARE,2,0,3,0
26695839,HEALTHCARE,3,0,3,0
10568183,HEALTHCARE,2,0,3,0
24550866,HEALTHCARE,6,0,3,0
34594746,HEALTHCARE,1,0,3,0
25834360,HEALTHCARE,2,0,3,0
27090089,HEALTHCARE,4,0,3,0
35422305,HEALTHCARE,6,0,2,0
18484846,HEALTHCARE,1,0,3,0
18949843,HEALTHCARE,4,0,3,0
17539842,HEALTHCARE,2,0,3,0
36868767,HEALTHCARE,2,0,3,0
97169343,HEALTHCARE,5,0,2,0
31395710,HEALTHCARE,3,0,3,0
17576030,FITNESS,1,0,3,0
24444525,FITNESS,4,0,3,0
10268614,FITNESS,4,0,3,0
29792535,FITNESS,1,0,3,0
15932017,FITNESS,2,0,3,0
23063986,FITNESS,3,0,3,0
10816645,FITNESS,4,0,3,0
11522068,FITNESS,1,0,3,0
10568350,FITNESS,3,0,3,0
18767449,FITNESS,3,0,3,0
20457611,FITNESS,5,0,3,0
54259150,FITNESS,5,0,3,0
67032711,FITNESS,1,0,3,0
12019284,FITNESS,6,0,3,0
38650096,FITNESS,1,0,3,0
32651555,FITNESS,1,0,3,0
55746506,FITNESS,5,0,3,0
10235429,FITNESS,7,1,3,0
30757456,FITNESS,5,0,3,0
19037403,FITNESS,3,0,3,0
32636041,FITNESS,8,0,3,0
27974588,FITNESS,1,0,3,0
24251588,FITNESS,6,0,3,0
97123005,FITNESS,5,0,3,0
38642923,FITNESS,7,0,3,0
39805617,FITNESS,4,0,3,0
20565486,FITNESS,5,1,3,0
28669770,FITNESS,2,0,3,0
17660419,FITNESS,0,0,3,0
22855060,FITNESS,2,0,3,0
17163375,FITNESS,4,0,3,0
35302620,FITNESS,4,0,3,0
19599699,FITNESS,2,0,3,0
17286050,FITNESS,1,0,3,0
15293959,FITNESS,3,0,3,0
10428916,FITNESS,4,0,3,0
52684666,FITNESS,3,0,3,0
19774173,FITNESS,2,0,3,0
23011221,FITNESS,6,0,3,0
13367322,FITNESS,3,1,3,0
16038911,FITNESS,1,0,3,0
30990885,FITNESS,2,0,3,0
12923795,FITNESS,5,0,3,0
20279756,FITNESS,2,0,3,0
25838512,FITNESS,3,0,3,0
17431847,FITNESS,2,0,3,0
28321954,FITNESS,1,0,3,0
11332602,FITNESS,5,0,3,0
17166018,FITNESS,3,0,3,0
29573698,FITNESS,0,0,3,0
95769832,FITNESS,3,0,3,0
89858892,FITNESS,7,0,3,0
22488036,FITNESS,4,0,3,0
22093368,FITNESS,6,0,3,0
31042953,FITNESS,3,0,3,0
24994145,FITNESS,3,0,3,0
56286525,FITNESS,6,0,3,0
32517106,FITNESS,1,0,3,0
38108845,FITNESS,6,0,3,0
28172023,FITNESS,3,0,3,0
45656814,FITNESS,3,0,3,0
24767027,FITNESS,0,0,3,0
25507648,FITNESS,4,0,3,0
17915015,FITNESS,0,0,3,0
36139251,FITNESS,5,0,3,0
16474898,FITNESS,6,0,3,0
25482567,FITNESS,4,0,3,0
29165698,FITNESS,2,0,3,0
27084878,FITNESS,6,0,3,0
26459032,FITNESS,2,0,3,0
70603826,FITNESS,4,0,3,0
95085510,FITNESS,4,0,3,0
21238396,FITNESS,2,0,3,0
20255404,FITNESS,5,0,3,0
69666645,FITNESS,0,0,3,0
19938081,FITNESS,6,0,3,0
12092347,FITNESS,1,0,3,0
62870550,FITNESS,6,1,2,0
76530505,FITNESS,2,0,3,0
10333051,FITNESS,6,0,3,0
29319314,FITNESS,5,0,3,0
77266989,FITNESS,0,0,3,0
59487170,FITNESS,4,0,3,0
24219583,FITNESS,0,0,3,0
27397245,FITNESS,1,0,3,0
29425788,FITNESS,3,0,3,0
11130200,FITNESS,2,0,3,0
10969918,FITNESS,1,0,3,0
21178545,FITNESS,0,0,3,0
12938389,FITNESS,7,0,3,0
57575888,FITNESS,8,0,3,0
37087824,FITNESS,4,0,3,0
21122155,FITNESS,6,0,3,0
24708621,FITNESS,3,0,3,0
27903191,FITNESS,3,0,3,0
24905947,FITNESS,4,0,3,0
75156649,FITNESS,2,0,3,0
96761538,FITNESS,1,0,3,0
19975121,FITNESS,1,0,3,0
12695799,FITNESS,2,0,3,0
14515954,FITNESS,5,0,3,0
13675377,FITNESS,6,0,3,0
34151183,FITNESS,5,0,3,0
16605352,FITNESS,4,0,3,0
34792238,FITNESS,5,0,3,0
23004695,FITNESS,3,0,3,0
35164503,FITNESS,6,0,3,0
63282405,FITNESS,3,0,3,0
31556198,FITNESS,0,0,3,0
12791244,FITNESS,2,0,3,0
14107571,FITNESS,6,0,3,0
17658471,FITNESS,1,0,3,0
80000092,FITNESS,1,0,3,0
13037145,FITNESS,0,0,3,0
23477199,FITNESS,1,0,3,0
29306433,FITNESS,3,0,3,0
90365216,FITNESS,4,0,3,0
54246169,AGRICULTURE,3,0,3,0
28165687,AGRICULTURE,4,0,3,0
21134923,AGRICULTURE,3,0,3,0
37292350,AGRICULTURE,6,0,3,0
84512719,AGRICULTURE,1,0,3,0
21868149,AGRICULTURE,3,0,3,0
37201447,AGRICULTURE,3,0,3,0
29897742,AGRICULTURE,3,0,3,0
55500538,AGRICULTURE,2,0,3,0
15053703,AGRICULTURE,1,0,3,0
15603319,AGRICULTURE,1,0,3,0
69336473,AGRICULTURE,2,0,3,0
18242317,AGRICULTURE,2,0,3,0
30437583,AGRICULTURE,3,0,3,0
14140903,AGRICULTURE,1,0,3,0
17312146,AGRICULTURE,1,0,3,0
29746235,AGRICULTURE,4,0,3,0
62994611,AGRICULTURE,3,0,3,0
38216888,AGRICULTURE,0,0,3,0
19851252,AGRICULTURE,0,0,3,0
11813872,AGRICULTURE,7,0,3,0
16849128,AGRICULTURE,0,0,3,0
23631188,AGRICULTURE,1,0,3,0
24001783,AGRICULTURE,4,0,3,0
12341902,AGRICULTURE,3,0,3,0
11197262,AGRICULTURE,2,0,3,0
10953078,AGRICULTURE,4,0,3,0
69859102,AGRICULTURE,2,0,3,0
40882926,AGRICULTURE,5,0,3,0
16653657,AGRICULTURE,4,0,3,0
24397882,AGRICULTURE,7,0,3,0
16172429,AGRICULTURE,3,0,3,0
36102323,AGRICULTURE,7,0,3,0
81042872,AGRICULTURE,1,0,3,0
19532392,AGRICULTURE,5,0,3,0
34141299,AGRICULTURE,2,0,3,0
89740812,AGRICULTURE,5,0,3,0
20969119,AGRICULTURE,5,0,3,0
27689009,AGRICULTURE,1,0,2,0
29510501,AGRICULTURE,3,0,3,0
17640785,AGRICULTURE,3,0,3,0
29968330,AGRICULTURE,4,0,3,0
28733974,AGRICULTURE,4,0,3,0
15546686,AGRICULTURE,5,0,3,0
56068028,AGRICULTURE,5,0,3,0
24068423,AGRICULTURE,2,0,3,0
12674256,AGRICULTURE,3,0,3,0
27888251,AGRICULTURE,2,0,3,0
16507693,AGRICULTURE,3,0,3,0
55712978,AGRICULTURE,5,0,3,0
26835781,AGRICULTURE,3,0,3,0
26921245,AGRICULTURE,2,0,3,0
20006992,AGRICULTURE,4,0,3,0
11676151,AGRICULTURE,1,0,3,0
24416961,AGRICULTURE,5,0,3,0
69360287,AGRICULTURE,3,0,3,0
18264694,AGRICULTURE,3,0,3,0
16661264,AGRICULTURE,5,0,3,0
26070334,AGRICULTURE,5,1,3,0
29142288,AGRICULTURE,8,0,3,0
28247753,AGRICULTURE,3,0,3,0
79536879,AGRICULTURE,1,0,3,0
17499196,AGRICULTURE,3,0,3,0
79261033,BPO,5,0,3,0
16492045,BPO,5,0,3,0
18589927,BPO,2,0,3,0
23933031,BPO,8,0,3,0
13964744,BPO,3,0,3,0
89512321,BPO,1,0,3,0
30709029,BPO,3,0,3,0
11183737,BPO,7,0,3,0
63158213,BPO,2,0,3,0
24727739,BPO,6,0,3,0
15145575,BPO,1,0,3,0
69097572,BPO,7,0,3,0
31064969,BPO,3,0,3,0
38707449,BPO,2,0,3,0
57706851,BPO,1,0,3,0
41152404,BPO,2,0,3,0
27710853,BPO,6,0,3,0
15573418,BPO,5,0,3,0
26829350,BPO,1,0,3,0
95625660,BPO,1,0,3,0
19362586,BPO,3,0,3,0
45077654,BPO,2,0,3,0
87118391,SALES,6,0,3,0
33578873,SALES,2,0,3,0
27607632,SALES,1,0,3,0
23760084,SALES,1,0,3,0
30083943,SALES,0,0,3,0
20552814,SALES,6,0,3,0
40987524,SALES,5,0,3,0
29134721,SALES,5,0,3,0
18062906,SALES,1,0,3,0
29399491,SALES,5,0,3,0
19473948,SALES,3,0,3,0
71772815,SALES,3,0,3,0
15765660,SALES,7,0,3,0
29184740,SALES,1,0,3,0
17781039,SALES,3,0,3,0
19147947,SALES,4,0,3,0
18328743,SALES,0,0,3,0
37540732,SALES,2,0,3,0
30608780,SALES,1,0,3,0
15918496,SALES,6,0,3,0
16223371,SALES,2,0,3,0
79376680,SALES,2,0,3,0
36904300,SALES,4,0,3,0
10724818,SALES,5,0,3,0
26994282,SALES,5,0,3,0
20819838,SALES,4,0,3,0
16511249,SALES,5,0,3,0
36074301,SALES,3,0,3,0
27624540,SALES,4,0,3,0
20423658,SALES,2,0,3,0
98509238,SALES,5,0,3,0
25810233,SALES,5,0,3,0
15273850,SALES,2,0,3,0
26932091,SALES,5,1,2,0
13812481,SALES,2,0,3,0
55477468,SALES,0,0,3,0
15973307,SALES,2,0,3,0
22047665,SALES,3,0,3,0
69155584,SALES,1,0,3,0
30529547,SALES,1,0,3,0
23296286,SALES,2,0,3,0
10603337,SALES,2,0,3,0
22319662,SALES,3,0,3,0
15581242,SALES,2,0,3,0
90682785,SALES,0,0,3,0
98108571,SALES,0,0,3,0
12351749,SALES,5,0,3,0
39581020,SALES,3,0,3,0
14267489,SALES,6,0,3,0
25839123,SALES,1,0,3,0
31454430,SALES,0,0,3,0
18368613,SALES,1,0,3,0
51349448,SALES,2,0,3,0
17509935,SALES,1,0,3,0
21595057,SALES,3,0,3,0
12696104,SALES,1,0,3,0
34303500,SALES,4,0,3,0
10898339,SALES,0,0,3,0
25315791,SALES,1,0,3,0
36621169,SALES,3,0,3,0
17378327,SALES,1,0,3,0
33236701,SALES,2,0,3,0
29211919,SALES,1,0,3,0
16121015,SALES,1,0,3,0
19582792,SALES,6,0,3,0
13348915,SALES,1,0,3,0
59422148,SALES,4,0,3,0
10138632,SALES,0,0,3,0
29805310,SALES,2,0,3,0
26425074,SALES,5,0,3,0
10464113,SALES,1,0,3,0
54101961,SALES,1,0,3,0
92200491,SALES,0,0,3,0
26530696,SALES,4,0,3,0
29332616,SALES,1,0,3,0
42304307,SALES,0,0,3,0
12820557,SALES,3,0,3,0
13178604,SALES,5,0,3,0
23929500,SALES,3,0,3,0
37360517,SALES,5,0,3,0
28377361,SALES,1,0,3,0
18171955,SALES,6,0,3,0
12082377,SALES,4,0,3,0
28198029,SALES,1,0,3,0
28867567,SALES,6,0,3,0
19147494,SALES,2,0,3,0
14358578,SALES,4,0,3,0
37735467,SALES,6,0,3,0
65456466,SALES,1,0,3,0
32140087,SALES,4,0,3,0
17704246,SALES,5,0,3,0
58428843,SALES,4,0,3,0
70528646,SALES,4,0,3,0
23032182,SALES,3,0,3,0
36970996,SALES,2,0,3,0
13637605,SALES,1,0,3,0
55097118,SALES,1,0,3,0
24610685,SALES,2,0,3,0
38087844,SALES,4,0,3,0
28139742,SALES,6,0,3,0
17410700,SALES,3,0,2,0
20141807,SALES,0,0,3,0
16280971,SALES,4,0,3,0
34131484,SALES,2,0,3,0
18885231,SALES,2,0,3,0
15620421,SALES,5,0,3,0
31199035,SALES,1,0,3,0
85918100,SALES,2,0,3,0
14381464,SALES,0,0,3,0
23782450,SALES,1,0,3,0
37792474,SALES,3,0,3,0
29928796,SALES,2,0,3,0
55104715,SALES,5,0,3,0
27233183,SALES,1,0,3,0
29815762,SALES,2,0,3,0
19156751,SALES,6,0,3,0
27096471,CONSULTANT,6,0,3,0
43311839,CONSULTANT,5,0,3,0
15119529,CONSULTANT,4,0,2,0
88907739,CONSULTANT,4,0,3,0
31395742,CONSULTANT,0,0,3,0
93349646,CONSULTANT,3,0,3,0
25694422,CONSULTANT,2,0,3,0
26291616,CONSULTANT,5,0,3,0
11020140,CONSULTANT,3,0,3,0
93459677,CONSULTANT,2,0,3,0
18079050,CONSULTANT,4,0,3,0
25213006,CONSULTANT,4,0,3,0
14517953,CONSULTANT,5,0,3,0
39308779,CONSULTANT,6,0,3,0
51724595,CONSULTANT,5,0,3,0
22259768,CONSULTANT,6,0,3,0
10332998,CONSULTANT,7,0,2,0
24643412,CONSULTANT,6,0,3,0
69181350,CONSULTANT,4,0,3,0
18856440,CONSULTANT,4,0,3,0
15433732,CONSULTANT,4,0,3,0
15281412,CONSULTANT,4,0,3,0
15699744,CONSULTANT,5,0,3,0
28951817,CONSULTANT,3,0,3,0
38165833,CONSULTANT,0,0,3,0
13586069,CONSULTANT,6,0,3,0
30083884,CONSULTANT,4,0,3,0
51432451,CONSULTANT,5,0,3,0
31169070,CONSULTANT,6,0,3,0
29723311,CONSULTANT,5,0,3,0
22485475,CONSULTANT,1,0,3,0
22556198,CONSULTANT,5,0,3,0
30863060,CONSULTANT,6,0,3,0
78016758,CONSULTANT,4,0,3,0
12897903,CONSULTANT,7,0,3,0
34875813,CONSULTANT,6,0,3,0
11333660,CONSULTANT,3,0,3,0
21366189,CONSULTANT,3,0,3,0
32637306,CONSULTANT,3,0,3,0
71888547,CONSULTANT,2,0,3,0
29770086,CONSULTANT,6,0,3,0
99714410,CONSULTANT,5,0,3,0
39441617,CONSULTANT,4,0,3,0
12374933,CONSULTANT,7,0,3,0
20176584,CONSULTANT,7,0,3,0
32433431,CONSULTANT,5,0,3,0
88691367,CONSULTANT,4,0,3,0
17025292,CONSULTANT,1,0,3,0
23302948,CONSULTANT,2,0,3,0
24828381,CONSULTANT,4,0,3,0
38896303,CONSULTANT,6,0,3,0
31217840,CONSULTANT,8,0,3,0
38399177,CONSULTANT,1,0,3,0
19161572,CONSULTANT,2,0,3,0
29647215,CONSULTANT,5,0,3,0
73075521,CONSULTANT,5,0,2,0
17983957,CONSULTANT,4,0,3,0
20314980,CONSULTANT,8,0,3,0
21512769,CONSULTANT,0,0,3,0
21568833,CONSULTANT,3,0,3,0
27726066,CONSULTANT,4,0,3,0
91189201,CONSULTANT,3,0,3,0
95429627,CONSULTANT,4,0,3,0
12526702,CONSULTANT,7,0,3,0
92246939,CONSULTANT,3,0,3,0
48533663,CONSULTANT,5,0,3,0
38457612,CONSULTANT,3,0,3,0
27788376,CONSULTANT,6,0,3,0
31016926,CONSULTANT,5,0,3,0
43378989,CONSULTANT,1,0,3,0
13454871,CONSULTANT,5,0,3,0
19936735,CONSULTANT,3,0,3,0
33919379,CONSULTANT,3,0,3,0
95350373,CONSULTANT,2,0,3,0
15602094,CONSULTANT,7,0,2,0
95792386,CONSULTANT,6,0,3,0
28243590,CONSULTANT,3,0,3,0
14593060,CONSULTANT,2,0,3,0
13313917,CONSULTANT,5,0,3,0
12251115,CONSULTANT,1,0,3,0
20574232,CONSULTANT,4,0,3,0
12955994,CONSULTANT,5,0,3,0
16964217,CONSULTANT,3,0,3,0
13215696,CONSULTANT,8,0,3,0
29196643,CONSULTANT,3,0,3,0
22351830,CONSULTANT,6,0,3,0
11415967,CONSULTANT,2,0,3,0
29297393,CONSULTANT,8,0,3,0
18227306,CONSULTANT,7,0,3,0
31201660,CONSULTANT,3,0,3,0
25258040,CONSULTANT,5,0,3,0
56792999,CONSULTANT,5,0,3,0
22571461,CONSULTANT,2,0,3,0
80527194,CONSULTANT,2,0,3,0
37818861,CONSULTANT,2,0,3,0
91116867,CONSULTANT,2,0,3,0
14346702,CONSULTANT,2,0,3,0
15083600,CONSULTANT,6,0,3,0
63670997,CONSULTANT,5,0,3,0
17307206,CONSULTANT,3,0,3,0
67406885,CONSULTANT,5,0,3,0
57364820,CONSULTANT,4,0,3,0
79570655,CONSULTANT,1,0,3,0
13569152,CONSULTANT,5,0,3,0
65062795,CONSULTANT,5,0,3,0
10984392,CONSULTANT,6,0,3,0
49777184,CONSULTANT,10,0,3,0
11835339,CONSULTANT,4,0,3,0
21156767,CONSULTANT,7,0,3,0
26234972,CONSULTANT,3,0,3,0
15535920,CONSULTANT,6,0,3,0
26919036,CONSULTANT,2,0,3,0
57601040,CONSULTANT,4,0,3,0
29076405,CONSULTANT,1,0,3,0
26167298,CONSULTANT,8,0,3,0
13837784,DIGITAL-MEDIA,2,0,3,0
16509761,DIGITAL-MEDIA,2,0,3,0
29915354,DIGITAL-MEDIA,2,0,3,0
82929064,DIGITAL-MEDIA,3,0,3,0
10515955,DIGITAL-MEDIA,1,0,3,0
14945250,DIGITAL-MEDIA,7,0,3,0
28609364,DIGITAL-MEDIA,4,0,3,0
19861776,DIGITAL-MEDIA,6,0,2,0
14036515,DIGITAL-MEDIA,1,0,3,0
11005406,DIGITAL-MEDIA,5,0,3,0
17132168,DIGITAL-MEDIA,2,0,3,0
15353911,DIGITAL-MEDIA,3,0,3,0
18501746,DIGITAL-MEDIA,0,0,3,0
26341987,DIGITAL-MEDIA,6,0,3,0
27419236,DIGITAL-MEDIA,4,0,3,0
13328680,DIGITAL-MEDIA,5,0,3,0
17584743,DIGITAL-MEDIA,6,0,3,0
14761906,DIGITAL-MEDIA,3,0,3,0
31162167,DIGITAL-MEDIA,2,0,3,0
15226699,DIGITAL-MEDIA,1,0,3,0
25525152,DIGITAL-MEDIA,1,0,3,0
13343786,DIGITAL-MEDIA,4,0,2,0
15484097,DIGITAL-MEDIA,2,0,3,0
25723793,DIGITAL-MEDIA,2,0,3,0
19444529,DIGITAL-MEDIA,6,0,3,0
33893326,DIGITAL-MEDIA,1,0,3,0
18442517,DIGITAL-MEDIA,3,0,3,0
40883703,DIGITAL-MEDIA,3,0,3,0
27981289,DIGITAL-MEDIA,2,0,2,0
18900722,DIGITAL-MEDIA,5,0,3,0
28109594,DIGITAL-MEDIA,1,0,3,0
31929166,DIGITAL-MEDIA,5,0,3,0
24574164,DIGITAL-MEDIA,8,0,3,0
23085604,DIGITAL-MEDIA,7,0,3,0
27080812,DIGITAL-MEDIA,7,0,3,0
14209965,DIGITAL-MEDIA,5,0,3,0
20330739,DIGITAL-MEDIA,2,0,3,0
37739183,DIGITAL-MEDIA,5,0,3,0
14771530,DIGITAL-MEDIA,3,0,3,0
62700506,DIGITAL-MEDIA,3,0,3,0
34319869,DIGITAL-MEDIA,2,0,3,0
30999638,DIGITAL-MEDIA,1,0,3,0
11677012,DIGITAL-MEDIA,5,0,3,0
18525641,DIGITAL-MEDIA,5,0,3,0
91539554,DIGITAL-MEDIA,4,0,3,0
13503650,DIGITAL-MEDIA,3,0,3,0
23864858,DIGITAL-MEDIA,8,0,3,0
24658786,DIGITAL-MEDIA,7,0,3,0
39166680,DIGITAL-MEDIA,5,0,3,0
25038571,DIGITAL-MEDIA,3,0,3,0
33542483,DIGITAL-MEDIA,4,0,3,0
58915642,DIGITAL-MEDIA,6,0,3,0
18927233,DIGITAL-MEDIA,3,0,3,0
16893572,DIGITAL-MEDIA,6,0,3,0
18488289,DIGITAL-MEDIA,7,0,3,0
31909493,DIGITAL-MEDIA,4,0,3,0
29002596,DIGITAL-MEDIA,6,0,3,0
73282756,DIGITAL-MEDIA,5,0,3,0
94492380,DIGITAL-MEDIA,4,0,2,0
18905648,DIGITAL-MEDIA,2,0,2,0
70196518,DIGITAL-MEDIA,4,0,3,0
56952849,DIGITAL-MEDIA,4,0,3,0
40311088,DIGITAL-MEDIA,4,0,3,0
19053815,DIGITAL-MEDIA,2,1,3,0
10005171,DIGITAL-MEDIA,5,0,3,0
26160200,DIGITAL-MEDIA,9,0,3,0
59011090,DIGITAL-MEDIA,2,0,3,0
34583750,DIGITAL-MEDIA,3,0,3,0
22380187,DIGITAL-MEDIA,1,0,3,0
24953921,DIGITAL-MEDIA,3,0,3,0
20490741,DIGITAL-MEDIA,5,0,3,0
21125113,DIGITAL-MEDIA,3,0,3,0
11270462,DIGITAL-MEDIA,2,0,3,0
90685127,DIGITAL-MEDIA,5,0,3,0
20628003,DIGITAL-MEDIA,0,0,3,0
30504149,DIGITAL-MEDIA,6,0,2,0
25706337,DIGITAL-MEDIA,4,0,3,0
91318828,DIGITAL-MEDIA,2,0,3,0
42156237,DIGITAL-MEDIA,4,0,3,0
80679862,DIGITAL-MEDIA,9,0,3,0
16276121,DIGITAL-MEDIA,2,0,3,0
27921561,DIGITAL-MEDIA,0,0,3,0
50219114,DIGITAL-MEDIA,8,0,3,0
30864828,DIGITAL-MEDIA,3,0,3,0
17562754,DIGITAL-MEDIA,0,0,3,0
24679149,DIGITAL-MEDIA,4,0,3,0
81508860,DIGITAL-MEDIA,3,0,3,0
28679359,DIGITAL-MEDIA,1,0,3,0
14556869,DIGITAL-MEDIA,4,0,3,0
23810469,DIGITAL-MEDIA,7,0,3,0
16536141,DIGITAL-MEDIA,6,0,3,0
12085736,DIGITAL-MEDIA,4,0,3,0
20210676,DIGITAL-MEDIA,5,0,3,0
22706174,DIGITAL-MEDIA,6,0,3,0
18354623,DIGITAL-MEDIA,5,0,3,0
17432318,DIGITAL-MEDIA,2,0,3,0
11797122,AUTOMOBILE,3,0,2,0
16332293,AUTOMOBILE,2,1,3,0
28790806,AUTOMOBILE,5,0,3,0
91515108,AUTOMOBILE,3,0,3,0
32109048,AUTOMOBILE,1,0,2,0
11152490,AUTOMOBILE,6,0,3,0
99680385,AUTOMOBILE,2,0,3,0
15790602,AUTOMOBILE,7,0,3,0
17510973,AUTOMOBILE,2,0,3,0
23522150,AUTOMOBILE,4,0,3,0
11257723,AUTOMOBILE,1,0,3,0
14455622,AUTOMOBILE,2,0,3,0
84295343,AUTOMOBILE,1,0,3,0
78357954,AUTOMOBILE,5,0,3,0
24703983,AUTOMOBILE,5,0,3,0
47487091,AUTOMOBILE,5,0,3,0
23009962,AUTOMOBILE,6,0,3,0
22732234,AUTOMOBILE,1,0,3,0
18448085,AUTOMOBILE,6,0,3,0
11887930,AUTOMOBILE,5,0,3,0
14508237,AUTOMOBILE,1,0,3,0
15100547,AUTOMOBILE,3,0,3,0
97449528,AUTOMOBILE,6,0,3,0
26341645,AUTOMOBILE,2,0,3,0
82140102,AUTOMOBILE,1,0,3,0
17571262,AUTOMOBILE,4,0,3,0
32069695,AUTOMOBILE,6,0,3,0
22946204,AUTOMOBILE,3,0,3,0
63989974,AUTOMOBILE,2,0,3,0
15484011,AUTOMOBILE,2,0,3,0
18932512,AUTOMOBILE,1,0,3,0
15210069,AUTOMOBILE,3,0,3,0
25047127,AUTOMOBILE,2,0,3,0
22452756,AUTOMOBILE,1,0,3,0
24592627,AUTOMOBILE,1,0,3,0
51508889,AUTOMOBILE,5,0,3,0
15180322,CHEF,1,0,3,0
24221960,CHEF,1,0,3,0
24673903,CHEF,1,0,3,0
19007667,CHEF,2,0,2,0
30311202,CHEF,6,1,3,0
11121498,CHEF,6,0,3,0
32518109,CHEF,1,0,3,0
26718039,CHEF,2,0,2,0
23568731,CHEF,3,0,3,0
14663897,CHEF,5,0,3,0
21904897,CHEF,3,0,3,0
23591247,CHEF,1,0,3,0
16594812,CHEF,1,0,3,0
19831366,CHEF,1,0,3,0
16804396,CHEF,1,0,3,0
92122785,CHEF,1,0,3,0
27831220,CHEF,2,0,3,0
13411858,CHEF,3,0,3,0
25924968,CHEF,4,0,3,0
34252537,CHEF,4,0,3,0
81373857,CHEF,0,0,3,0
92985983,CHEF,3,0,3,0
34452806,CHEF,3,0,3,0
21611637,CHEF,3,0,3,0
13095891,CHEF,5,0,3,0
12717345,CHEF,3,0,3,0
23841877,CHEF,1,0,3,0
23032276,CHEF,7,0,2,0
32605413,CHEF,3,0,3,0
65373280,CHEF,5,0,3,0
27909372,CHEF,3,0,3,0
47603843,CHEF,0,0,3,0
11444536,CHEF,2,0,3,0
25953797,CHEF,1,0,3,0
23185829,CHEF,0,0,3,0
21869994,CHEF,1,0,3,0
28424982,CHEF,4,0,3,0
47317494,CHEF,1,0,3,0
29784524,CHEF,2,0,3,0
10001727,CHEF,2,0,3,0
74522938,CHEF,4,0,3,0
91591026,CHEF,1,0,3,0
21511817,CHEF,4,0,3,0
35468363,CHEF,0,0,2,0
37231163,CHEF,2,0,3,0
16924102,CHEF,4,0,3,0
28092317,CHEF,5,0,3,0
16855929,CHEF,1,0,3,0
29211359,CHEF,2,0,3,0
27820360,CHEF,5,0,3,0
48580330,CHEF,1,0,3,0
29072179,CHEF,2,0,3,0
94047639,CHEF,3,0,3,0
21622444,CHEF,2,0,3,0
33964275,CHEF,4,0,2,0
21101152,CHEF,6,0,2,0
25128608,CHEF,5,0,2,0
18825446,CHEF,4,0,3,0
61322296,CHEF,4,0,3,0
20817322,CHEF,6,0,3,0
29449419,CHEF,6,0,3,0
20321582,CHEF,5,0,3,0
19285236,CHEF,6,0,3,0
13264154,CHEF,3,1,3,0
47729453,CHEF,1,0,3,0
51554903,CHEF,3,0,3,0
14569498,CHEF,2,0,3,0
22561438,CHEF,1,0,2,0
12420359,CHEF,3,1,3,0
16248476,CHEF,2,0,3,0
10653119,CHEF,4,0,3,0
11209758,CHEF,4,0,3,0
86551046,CHEF,3,0,3,0
23807940,CHEF,5,0,3,0
29775391,CHEF,5,0,3,0
53265899,CHEF,3,0,3,0
38309905,CHEF,5,0,3,0
29772450,CHEF,5,0,3,0
21334981,CHEF,3,0,3,0
10276858,CHEF,4,0,3,0
10588874,CHEF,6,0,3,0
35157762,CHEF,1,0,3,0
91072502,CHEF,5,0,3,0
13212436,CHEF,0,0,3,0
15261348,CHEF,3,0,3,0
27662298,CHEF,5,0,3,0
16066857,CHEF,5,0,3,0
30337969,CHEF,2,0,3,0
10333299,CHEF,3,0,3,0
28396528,CHEF,1,0,3,0
19268120,CHEF,3,0,3,0
20691949,CHEF,1,0,3,0
26189601,CHEF,3,0,3,0
30826569,CHEF,2,0,3,0
91268638,CHEF,3,0,3,0
18036030,CHEF,3,0,3,0
36366044,CHEF,2,0,3,0
23398733,CHEF,0,0,3,0
29990140,CHEF,1,0,3,0
30128072,CHEF,1,0,3,0
28176889,CHEF,1,0,3,0
10889157,CHEF,1,0,3,0
19951766,CHEF,2,0,3,0
57262959,CHEF,5,0,3,0
20033302,CHEF,5,0,3,0
24709432,CHEF,2,0,3,0
62555739,CHEF,3,0,3,0
31547476,CHEF,1,0,3,0
18480859,CHEF,2,0,3,0
12254068,CHEF,3,0,3,0
11432686,CHEF,7,0,3,0
25452321,CHEF,2,0,3,0
28230807,CHEF,1,0,3,0
15354126,CHEF,3,0,3,0
12155206,CHEF,0,0,3,0
27298953,CHEF,4,0,3,0
68338341,CHEF,3,0,3,0
22349169,CHEF,3,0,3,0
11877150,FINANCE,2,0,3,0
86549455,FINANCE,1,0,3,0
26530575,FINANCE,8,0,3,0
23955183,FINANCE,5,0,3,0
24854026,FINANCE,3,0,3,0
48285304,FINANCE,5,0,3,0
14722634,FINANCE,1,0,3,0
27789372,FINANCE,3,1,3,0
26767199,FINANCE,3,0,3,0
15891494,FINANCE,2,0,3,0
78229715,FINANCE,2,0,3,0
22720697,FINANCE,1,0,3,0
70541112,FINANCE,7,0,3,0
20705888,FINANCE,4,0,2,0
28522529,FINANCE,1,0,3,0
19147603,FINANCE,2,1,3,0
11490673,FINANCE,5,0,3,0
84356308,FINANCE,7,0,3,0
91564103,FINANCE,4,0,3,0
22622351,FINANCE,4,0,3,0
61634281,FINANCE,4,0,3,0
24530382,FINANCE,6,1,3,0
27018361,FINANCE,1,0,3,0
92524964,FINANCE,2,0,3,0
19405513,FINANCE,4,0,3,0
17775916,FINANCE,1,0,3,0
18975686,FINANCE,5,0,3,0
28758002,FINANCE,6,0,3,0
59938965,FINANCE,4,0,3,0
28396458,FINANCE,5,0,3,0
27914096,FINANCE,7,1,3,0
57088974,FINANCE,5,0,3,0
26231609,FINANCE,4,0,3,0
20836112,FINANCE,2,0,3,0
28398216,FINANCE,2,1,3,0
26961846,FINANCE,2,0,3,0
37931076,FINANCE,2,0,3,0
16426777,FINANCE,6,1,3,0
26750846,FINANCE,2,0,3,0
28623782,FINANCE,5,0,3,0
81677620,FINANCE,6,0,3,0
14413148,FINANCE,2,0,3,0
76454959,FINANCE,6,0,3,0
11441764,FINANCE,5,0,3,0
24411323,FINANCE,2,0,3,0
33685988,FINANCE,2,0,3,0
62850928,FINANCE,3,0,3,0
34250007,FINANCE,2,0,3,0
74849878,FINANCE,1,0,3,0
25497147,FINANCE,2,0,3,0
31948488,FINANCE,4,0,3,0
18640927,FINANCE,4,0,3,0
77638654,FINANCE,5,0,3,0
38441665,FINANCE,1,0,3,0
18072085,FINANCE,2,0,3,0
14408510,FINANCE,4,0,3,0
12858898,FINANCE,7,0,3,0
24670867,FINANCE,3,0,3,0
29648950,FINANCE,1,0,3,0
27330027,FINANCE,5,0,3,0
17880988,FINANCE,2,0,3,0
15011085,FINANCE,5,0,3,0
20977412,FINANCE,4,0,3,0
26013403,FINANCE,7,0,3,0
84373843,FINANCE,2,0,3,0
21912637,FINANCE,2,0,3,0
14181049,FINANCE,5,0,3,0
29998869,FINANCE,9,0,3,0
18024825,FINANCE,1,0,3,0
28973180,FINANCE,1,0,3,0
23573064,FINANCE,1,0,3,0
10549585,FINANCE,7,0,3,0
23354541,FINANCE,3,0,3,0
29494962,FINANCE,3,0,3,0
81217013,FINANCE,2,0,3,0
39675895,FINANCE,6,0,3,0
12071138,FINANCE,7,0,3,0
25330083,FINANCE,5,0,3,0
69487178,FINANCE,4,0,3,0
86595128,FINANCE,6,0,3,0
74512244,FINANCE,3,1,3,0
25678238,FINANCE,0,0,3,0
38907798,FINANCE,4,0,3,0
58165257,FINANCE,4,0,3,0
93653247,FINANCE,5,0,3,0
29612672,FINANCE,2,0,3,0
66741193,FINANCE,7,0,3,0
24553863,FINANCE,5,0,3,0
16449850,FINANCE,2,0,2,0
47410104,FINANCE,3,0,3,0
38225199,FINANCE,3,0,3,0
14106638,FINANCE,3,0,3,0
19243556,FINANCE,4,0,3,0
20880935,FINANCE,6,0,3,0
95519832,FINANCE,1,0,3,0
39295103,FINANCE,6,0,3,0
25101183,FINANCE,5,0,2,0
88038965,FINANCE,6,0,3,0
17392859,FINANCE,3,0,3,0
20969845,FINANCE,1,0,3,0
20275356,FINANCE,3,0,3,0
59818742,FINANCE,1,0,3,0
72136463,FINANCE,7,0,3,0
98513424,FINANCE,7,0,3,0
15717923,FINANCE,2,0,3,0
24833063,FINANCE,6,0,3,0
15792052,FINANCE,3,0,3,0
59450123,FINANCE,4,0,3,0
24611721,FINANCE,1,0,3,0
15224503,FINANCE,5,0,3,0
27409087,FINANCE,2,0,3,0
20918464,FINANCE,2,0,3,0
19540089,FINANCE,5,0,3,0
28724469,FINANCE,5,0,3,0
18636651,FINANCE,6,0,3,0
59777056,FINANCE,3,0,3,0
22492537,FINANCE,6,0,3,0
24967652,FINANCE,4,0,2,0
24533931,APPAREL,0,0,3,0
21807211,APPAREL,1,0,3,0
71767359,APPAREL,1,0,2,0
27694040,APPAREL,0,0,3,0
15535408,APPAREL,1,0,3,0
13386301,APPAREL,5,0,3,0
27091280,APPAREL,3,0,3,0
14413257,APPAREL,3,0,2,0
11677077,APPAREL,1,0,3,0
29521434,APPAREL,1,0,3,0
50324968,APPAREL,3,0,3,0
13764840,APPAREL,2,0,3,0
19070271,APPAREL,3,0,3,0
56151548,APPAREL,4,0,3,0
16391949,APPAREL,4,0,3,0
13418452,APPAREL,3,0,3,0
27099856,APPAREL,4,0,3,0
26046878,APPAREL,4,0,3,0
35121930,APPAREL,1,0,3,0
10182582,APPAREL,2,0,3,0
12669075,APPAREL,3,0,3,0
16915389,APPAREL,5,0,2,0
12668625,APPAREL,1,0,3,0
14698557,APPAREL,3,0,3,0
27549075,APPAREL,0,0,3,0
31225895,APPAREL,1,0,3,0
15479281,APPAREL,2,0,3,0
26691587,APPAREL,3,0,3,0
11232471,APPAREL,2,0,3,0
21007083,APPAREL,1,0,3,0
20905088,APPAREL,3,0,3,0
16723524,APPAREL,4,0,3,0
14937492,APPAREL,6,0,3,0
72807293,APPAREL,4,0,3,0
30344127,APPAREL,5,0,3,0
23719943,APPAREL,5,0,3,0
58208591,APPAREL,4,0,3,0
15154822,APPAREL,3,0,3,0
46514339,APPAREL,6,0,3,0
11409460,APPAREL,3,0,3,0
99806115,APPAREL,2,0,3,0
29640922,APPAREL,2,0,3,0
12860543,APPAREL,7,0,3,0
29764492,APPAREL,6,0,3,0
91533580,APPAREL,5,0,3,0
13807808,APPAREL,3,0,2,0
16605640,APPAREL,1,0,3,0
17714174,APPAREL,4,0,3,0
28998957,APPAREL,6,0,3,0
71499299,APPAREL,3,0,3,0
30430249,APPAREL,3,0,3,0
10876132,APPAREL,5,0,3,0
18509268,APPAREL,1,0,3,0
35571205,APPAREL,3,0,3,0
23190306,APPAREL,5,0,3,0
29028935,APPAREL,3,0,3,0
12059610,APPAREL,0,0,3,0
26829561,APPAREL,5,0,3,0
78273826,APPAREL,8,0,3,0
27176039,APPAREL,4,0,3,0
22249155,APPAREL,2,0,3,0
25142074,APPAREL,3,0,3,0
19402977,APPAREL,2,0,3,0
13858219,APPAREL,2,0,3,0
15746146,APPAREL,5,0,3,0
17659053,APPAREL,2,0,3,0
26586477,APPAREL,5,0,3,0
37750854,APPAREL,5,0,3,0
33665485,APPAREL,7,0,3,0
26098594,APPAREL,3,0,3,0
91026230,APPAREL,4,0,3,0
16985289,APPAREL,6,0,3,0
54308684,APPAREL,1,0,3,0
10562768,APPAREL,5,0,3,0
41586420,APPAREL,2,0,3,0
21570485,APPAREL,4,0,3,0
12122372,APPAREL,4,0,3,0
14304010,APPAREL,4,0,3,0
36136569,APPAREL,1,0,3,0
35603950,APPAREL,1,0,3,0
52252936,APPAREL,5,0,3,0
70750649,APPAREL,3,0,3,0
43852883,APPAREL,1,0,3,0
31761591,APPAREL,6,0,3,0
31362807,APPAREL,4,0,3,0
24516163,APPAREL,3,0,3,0
20504094,APPAREL,2,0,3,0
24989856,APPAREL,2,0,3,0
16500168,APPAREL,4,0,3,0
35985133,APPAREL,1,0,3,0
22852364,APPAREL,6,0,3,0
83566455,APPAREL,5,0,3,0
10738095,APPAREL,2,0,3,0
36094883,APPAREL,3,0,3,0
19714635,APPAREL,6,0,3,0
56025640,APPAREL,2,0,3,0
25543217,APPAREL,2,0,3,0
14206561,ENGINEERING,2,0,3,0
15139979,ENGINEERING,6,0,3,0
44624796,ENGINEERING,3,0,3,0
54227873,ENGINEERING,4,1,3,0
28005884,ENGINEERING,2,0,3,0
82246962,ENGINEERING,3,0,3,0
13149176,ENGINEERING,5,0,2,0
12022566,ENGINEERING,5,0,3,0
20981299,ENGINEERING,6,0,3,0
25919149,ENGINEERING,4,0,3,0
86828820,ENGINEERING,5,0,3,0
28320387,ENGINEERING,3,0,3,0
27756469,ENGINEERING,4,0,3,0
14049846,ENGINEERING,7,0,3,0
43752620,ENGINEERING,5,0,3,0
74236636,ENGINEERING,3,0,3,0
47549345,ENGINEERING,1,0,3,0
28505854,ENGINEERING,5,0,3,0
38535335,ENGINEERING,1,0,3,0
25608963,ENGINEERING,3,0,3,0
24647794,ENGINEERING,5,0,3,0
16803215,ENGINEERING,3,0,3,0
37335325,ENGINEERING,5,0,3,0
81125166,ENGINEERING,2,0,3,0
32081266,ENGINEERING,5,0,3,0
25797445,ENGINEERING,3,0,3,0
28831378,ENGINEERING,2,0,3,0
50328713,ENGINEERING,5,0,3,0
27040860,ENGINEERING,2,0,3,0
21807224,ENGINEERING,3,0,3,0
17926546,ENGINEERING,6,0,3,0
20882041,ENGINEERING,5,0,3,0
56691064,ENGINEERING,3,0,3,0
64755882,ENGINEERING,8,0,3,0
30097175,ENGINEERING,3,0,3,0
28628090,ENGINEERING,6,0,3,0
19612167,ENGINEERING,1,0,3,0
21298336,ENGINEERING,1,0,3,0
25930778,ENGINEERING,1,0,3,0
31684925,ENGINEERING,6,0,3,0
39855211,ENGINEERING,4,0,3,0
12518008,ENGINEERING,3,0,3,0
20566550,ENGINEERING,3,0,2,0
55953734,ENGINEERING,5,0,3,0
23234047,ENGINEERING,3,0,3,0
38314236,ENGINEERING,3,0,3,0
25425322,ENGINEERING,5,0,3,0
55595908,ENGINEERING,1,0,3,0
28631840,ENGINEERING,4,0,2,0
23438227,ENGINEERING,1,0,3,0
35737840,ENGINEERING,2,0,3,0
90280583,ENGINEERING,5,0,3,0
51588273,ENGINEERING,2,0,3,0
15601399,ENGINEERING,1,0,3,0
64468610,ENGINEERING,6,0,3,0
28078163,ENGINEERING,6,0,3,0
31677347,ENGINEERING,6,0,3,0
28762662,ENGINEERING,3,0,3,0
15858254,ENGINEERING,6,0,3,0
16911115,ENGINEERING,2,0,3,0
27152464,ENGINEERING,5,0,3,0
35651876,ENGINEERING,2,0,3,0
19124258,ENGINEERING,3,0,3,0
24322804,ENGINEERING,3,0,3,0
12488356,ENGINEERING,6,0,3,0
26834746,ENGINEERING,1,0,3,0
32985311,ENGINEERING,1,0,3,0
39835894,ENGINEERING,2,0,3,0
21847415,ENGINEERING,4,0,3,0
30288581,ENGINEERING,6,0,3,0
36149549,ENGINEERING,5,0,3,0
17103000,ENGINEERING,4,0,3,0
12011623,ENGINEERING,3,0,3,0
12748557,ENGINEERING,5,0,2,0
28923650,ENGINEERING,4,1,3,0
30542184,ENGINEERING,1,0,3,0
19396040,ENGINEERING,4,0,3,0
35389360,ENGINEERING,5,0,3,0
36517781,ENGINEERING,0,0,3,0
15941675,ENGINEERING,1,0,3,0
19397727,ENGINEERING,1,0,3,0
47919212,ENGINEERING,4,0,3,0
10712803,ENGINEERING,8,0,3,0
14554542,ENGINEERING,3,1,3,0
22605864,ENGINEERING,3,0,3,0
49127329,ENGINEERING,6,0,2,0
10219099,ENGINEERING,1,0,3,0
82125182,ENGINEERING,2,0,3,0
22890839,ENGINEERING,4,0,2,0
17108676,ENGINEERING,4,0,3,0
17488801,ENGINEERING,4,0,3,0
23497307,ENGINEERING,4,0,3,0
19553067,ENGINEERING,2,0,3,0
11981094,ENGINEERING,6,0,3,0
17043822,ENGINEERING,6,0,3,0
21038022,ENGINEERING,2,0,3,0
60004873,ENGINEERING,2,0,3,0
38220146,ENGINEERING,6,1,3,0
47276718,ENGINEERING,5,0,3,0
28630325,ENGINEERING,3,0,3,0
13264796,ENGINEERING,8,0,3,0
96029688,ENGINEERING,5,0,3,0
32802563,ENGINEERING,2,0,3,0
18753367,ENGINEERING,1,0,3,0
26456899,ENGINEERING,2,0,3,0
10985403,ENGINEERING,5,0,3,0
10030015,ENGINEERING,1,0,3,0
86209934,ENGINEERING,6,0,3,0
11890896,ENGINEERING,5,0,3,0
10624813,ENGINEERING,4,0,3,0
61579998,ENGINEERING,5,0,3,0
62071407,ENGINEERING,5,0,3,0
12472574,ENGINEERING,3,0,3,0
31694970,ENGINEERING,8,0,3,0
33685075,ENGINEERING,9,0,3,0
77828437,ENGINEERING,5,0,3,0
35172961,ENGINEERING,4,0,3,0
21629057,ENGINEERING,6,0,3,0
15906625,ACCOUNTANT,3,0,3,0
30361788,ACCOUNTANT,1,0,3,0
21031285,ACCOUNTANT,2,0,3,0
25749150,ACCOUNTANT,4,0,3,0
12338274,ACCOUNTANT,1,0,3,0
33527446,ACCOUNTANT,4,1,3,0
12442909,ACCOUNTANT,4,0,3,0
37997506,ACCOUNTANT,2,0,3,0
37370455,ACCOUNTANT,1,0,3,0
10554236,ACCOUNTANT,7,0,3,0
31602598,ACCOUNTANT,2,0,3,0
19545827,ACCOUNTANT,4,0,3,0
14470533,ACCOUNTANT,2,0,3,0
43685045,ACCOUNTANT,3,0,3,0
18365791,ACCOUNTANT,3,0,3,0
14224370,ACCOUNTANT,2,0,3,0
21794875,ACCOUNTANT,6,0,3,0
23734441,ACCOUNTANT,4,0,2,0
39115899,ACCOUNTANT,4,0,3,0
23139819,ACCOUNTANT,3,0,3,0
42487883,ACCOUNTANT,3,0,3,0
23636277,ACCOUNTANT,3,0,3,0
21338490,ACCOUNTANT,2,0,3,0
14491649,ACCOUNTANT,3,0,3,0
17407184,ACCOUNTANT,6,0,3,0
30813919,ACCOUNTANT,4,0,3,0
78403342,ACCOUNTANT,5,0,3,0
20393721,ACCOUNTANT,4,0,3,0
24817041,ACCOUNTANT,1,0,3,0
27980446,ACCOUNTANT,8,0,3,0
25462793,ACCOUNTANT,1,0,3,0
29456173,ACCOUNTANT,1,0,3,0
59403481,ACCOUNTANT,6,0,3,0
13491889,ACCOUNTANT,1,0,3,0
25846894,ACCOUNTANT,3,0,3,0
53640713,ACCOUNTANT,1,0,3,0
11163645,ACCOUNTANT,5,0,3,0
23513618,ACCOUNTANT,6,0,3,0
75286906,ACCOUNTANT,4,0,3,0
20253563,ACCOUNTANT,2,0,3,0
16237710,ACCOUNTANT,2,0,3,0
13294301,ACCOUNTANT,2,0,2,0
13130984,ACCOUNTANT,4,0,3,0
25127518,ACCOUNTANT,5,0,3,0
24799301,ACCOUNTANT,1,0,3,0
25067742,ACCOUNTANT,2,0,3,0
15821633,ACCOUNTANT,4,0,3,0
15363277,ACCOUNTANT,7,0,3,0
18132924,ACCOUNTANT,3,0,2,0
63137898,ACCOUNTANT,3,0,3,0
21763056,ACCOUNTANT,4,0,3,0
20624984,ACCOUNTANT,1,0,3,0
25935030,ACCOUNTANT,5,0,3,0
17556527,ACCOUNTANT,3,0,3,0
28939941,ACCOUNTANT,2,0,3,0
28359817,ACCOUNTANT,3,0,3,0
20345168,ACCOUNTANT,2,0,3,0
14496667,ACCOUNTANT,2,0,3,0
25862026,ACCOUNTANT,3,0,3,0
23246831,ACCOUNTANT,4,0,3,0
49204385,ACCOUNTANT,1,0,3,0
12802330,ACCOUNTANT,4,0,3,0
22925443,ACCOUNTANT,4,0,3,0
28614791,ACCOUNTANT,1,0,3,0
30304575,ACCOUNTANT,3,1,3,0
26065877,ACCOUNTANT,4,0,2,0
29821051,ACCOUNTANT,4,0,3,0
29999135,ACCOUNTANT,1,0,3,0
21853199,ACCOUNTANT,2,0,3,0
39674178,ACCOUNTANT,1,0,3,0
14449423,ACCOUNTANT,3,0,3,0
25547145,ACCOUNTANT,6,0,3,0
14055988,ACCOUNTANT,2,0,3,0
27637576,ACCOUNTANT,3,0,3,0
49997097,ACCOUNTANT,1,0,3,0
27558837,ACCOUNTANT,3,0,3,0
14126433,ACCOUNTANT,3,0,3,0
34198885,ACCOUNTANT,2,0,3,0
62809577,ACCOUNTANT,1,0,3,0
12065211,ACCOUNTANT,1,0,3,0
23416654,ACCOUNTANT,2,0,3,0
38847011,ACCOUNTANT,5,0,3,0
27573855,ACCOUNTANT,5,0,3,0
15592167,ACCOUNTANT,1,0,3,0
20082776,ACCOUNTANT,3,0,3,0
10674770,ACCOUNTANT,2,0,3,0
24294778,ACCOUNTANT,2,0,3,0
11759079,ACCOUNTANT,3,0,3,0
18669563,ACCOUNTANT,2,0,3,0
18569929,ACCOUNTANT,1,1,3,0
80053367,ACCOUNTANT,1,0,3,0
87635012,ACCOUNTANT,3,0,3,0
24703009,ACCOUNTANT,4,0,3,0
25867805,ACCOUNTANT,3,0,3,0
35554162,ACCOUNTANT,5,0,3,0
13701259,ACCOUNTANT,6,0,3,0
12202337,ACCOUNTANT,3,0,3,0
19446337,ACCOUNTANT,1,0,3,0
15289348,ACCOUNTANT,5,0,3,0
28969385,ACCOUNTANT,5,0,3,0
36425270,ACCOUNTANT,1,0,2,0
78257294,ACCOUNTANT,6,0,3,0
23438112,ACCOUNTANT,3,0,2,0
98559931,ACCOUNTANT,4,0,3,0
17306905,ACCOUNTANT,3,0,3,0
12780508,ACCOUNTANT,2,0,2,0
26975573,ACCOUNTANT,6,0,3,0
28298773,ACCOUNTANT,8,1,3,0
29050809,ACCOUNTANT,3,0,3,0
34816637,ACCOUNTANT,0,0,3,0
22465498,ACCOUNTANT,1,0,3,0
24103168,ACCOUNTANT,4,0,3,0
36024962,ACCOUNTANT,1,0,3,0
18635654,ACCOUNTANT,1,0,3,0
50222417,ACCOUNTANT,5,0,3,0
23387174,ACCOUNTANT,2,0,3,0
13072019,ACCOUNTANT,6,0,3,0
82649935,ACCOUNTANT,2,0,3,0
99433371,CONSTRUCTION,0,0,3,0
10734870,CONSTRUCTION,2,0,3,0
18472240,CONSTRUCTION,0,0,3,0
71576860,CONSTRUCTION,1,0,3,0
29087505,CONSTRUCTION,6,0,3,0
22965804,CONSTRUCTION,1,0,3,0
33141415,CONSTRUCTION,3,0,3,0
26509539,CONSTRUCTION,1,0,3,0
36331163,CONSTRUCTION,2,0,3,0
25656981,CONSTRUCTION,3,0,3,0
26091595,CONSTRUCTION,2,0,3,0
11393213,CONSTRUCTION,1,0,2,0
14900898,CONSTRUCTION,3,0,3,0
25098739,CONSTRUCTION,1,0,3,0
78114950,CONSTRUCTION,2,0,3,0
35971546,CONSTRUCTION,5,0,3,0
22019500,CONSTRUCTION,2,0,3,0
12839152,CONSTRUCTION,5,0,3,0
16353584,CONSTRUCTION,2,0,3,0
29878348,CONSTRUCTION,0,0,3,0
28815362,CONSTRUCTION,2,0,3,0
15564893,CONSTRUCTION,2,0,3,0
12491898,CONSTRUCTION,4,0,3,0
29574501,CONSTRUCTION,2,0,3,0
32799518,CONSTRUCTION,2,0,3,0
28942221,CONSTRUCTION,2,0,3,0
10176013,CONSTRUCTION,4,0,3,0
16378091,CONSTRUCTION,1,0,2,0
16203589,CONSTRUCTION,4,0,3,0
63145386,CONSTRUCTION,7,0,3,0
13907230,CONSTRUCTION,4,0,3,0
21586858,CONSTRUCTION,3,0,2,0
61065616,CONSTRUCTION,1,0,3,0
19471144,CONSTRUCTION,2,0,3,0
17342969,CONSTRUCTION,8,0,3,0
10041713,CONSTRUCTION,1,0,3,0
24770846,CONSTRUCTION,1,0,3,0
24740005,CONSTRUCTION,3,1,3,0
14585273,CONSTRUCTION,4,0,3,0
28756444,CONSTRUCTION,1,0,3,0
10281555,CONSTRUCTION,3,0,3,0
48549972,CONSTRUCTION,2,0,3,0
17252448,CONSTRUCTION,4,0,2,0
15721849,CONSTRUCTION,1,0,3,0
56525735,CONSTRUCTION,4,0,3,0
51638201,CONSTRUCTION,5,0,3,0
94503308,CONSTRUCTION,5,0,3,0
27835351,CONSTRUCTION,4,0,3,0
38946032,CONSTRUCTION,4,0,3,0
39674782,CONSTRUCTION,5,0,3,0
29193505,CONSTRUCTION,3,0,3,0
12890045,CONSTRUCTION,4,0,2,0
29894080,CONSTRUCTION,4,0,3,0
32025286,CONSTRUCTION,2,0,3,0
21567392,CONSTRUCTION,2,0,2,0
32265203,CONSTRUCTION,3,0,3,0
27246366,CONSTRUCTION,2,0,3,0
27066370,CONSTRUCTION,1,0,2,0
21363048,CONSTRUCTION,5,0,3,0
21782152,CONSTRUCTION,5,0,3,0
16626724,CONSTRUCTION,2,0,3,0
25224998,CONSTRUCTION,5,0,3,0
28803888,CONSTRUCTION,1,0,3,0
25187733,CONSTRUCTION,6,0,3,0
88859947,CONSTRUCTION,3,0,3,0
17570634,CONSTRUCTION,5,0,3,0
10149490,CONSTRUCTION,7,0,3,0
19364677,CONSTRUCTION,3,0,3,0
22983516,CONSTRUCTION,5,0,3,0
31850269,CONSTRUCTION,1,0,3,0
27243670,CONSTRUCTION,8,0,3,0
44147689,CONSTRUCTION,2,0,3,0
12654876,CONSTRUCTION,3,0,3,0
49685006,CONSTRUCTION,4,0,3,0
12212468,CONSTRUCTION,6,0,3,0
29483501,CONSTRUCTION,5,0,3,0
69764348,CONSTRUCTION,4,0,3,0
18882984,CONSTRUCTION,4,0,3,0
45475027,CONSTRUCTION,4,0,3,0
34544955,CONSTRUCTION,1,0,3,0
93436805,CONSTRUCTION,5,0,3,0
39908485,CONSTRUCTION,9,0,3,0
39566718,CONSTRUCTION,2,0,3,0
12666174,CONSTRUCTION,1,0,3,0
20565849,CONSTRUCTION,1,0,3,0
12693146,CONSTRUCTION,4,0,3,0
14849103,CONSTRUCTION,5,0,3,0
10100240,CONSTRUCTION,2,0,3,0
22894544,CONSTRUCTION,2,0,3,0
19928941,CONSTRUCTION,0,0,3,0
39027764,CONSTRUCTION,2,0,3,0
23818675,CONSTRUCTION,3,0,3,0
24953126,CONSTRUCTION,4,0,3,0
22718826,CONSTRUCTION,2,0,3,0
24361598,CONSTRUCTION,3,0,2,0
20681037,CONSTRUCTION,1,0,3,0
16924279,CONSTRUCTION,2,0,3,0
30311725,CONSTRUCTION,5,0,3,0
29061628,CONSTRUCTION,1,0,3,0
33023370,CONSTRUCTION,2,0,3,0
32773331,CONSTRUCTION,3,0,3,0
10820510,CONSTRUCTION,1,0,3,0
28949406,CONSTRUCTION,1,0,3,0
12826414,CONSTRUCTION,7,0,3,0
63083944,CONSTRUCTION,3,0,3,0
22546476,CONSTRUCTION,0,0,3,0
90032884,CONSTRUCTION,1,0,3,0
27187994,CONSTRUCTION,1,0,3,0
30397268,CONSTRUCTION,5,1,3,0
78298706,CONSTRUCTION,1,0,3,0
11650031,CONSTRUCTION,2,0,3,0
12695537,CONSTRUCTION,5,0,3,0
31392754,PUBLIC-RELATIONS,2,0,3,0
23143731,PUBLIC-RELATIONS,4,0,3,0
26130673,PUBLIC-RELATIONS,2,0,3,0
25070914,PUBLIC-RELATIONS,5,0,3,0
37913536,PUBLIC-RELATIONS,1,0,3,0
14278888,PUBLIC-RELATIONS,3,0,3,0
28831442,PUBLIC-RELATIONS,1,0,3,0
98086373,PUBLIC-RELATIONS,4,0,3,0
23673025,PUBLIC-RELATIONS,5,0,3,0
10070224,PUBLIC-RELATIONS,8,0,3,0
28290448,PUBLIC-RELATIONS,8,0,3,0
24559558,PUBLIC-RELATIONS,4,0,3,0
28862054,PUBLIC-RELATIONS,6,0,3,0
14536764,PUBLIC-RELATIONS,5,0,3,0
37087371,PUBLIC-RELATIONS,2,0,3,0
12191094,PUBLIC-RELATIONS,2,0,3,0
12920612,PUBLIC-RELATIONS,6,0,3,0
14009087,PUBLIC-RELATIONS,6,0,3,0
91197243,PUBLIC-RELATIONS,5,0,3,0
12545844,PUBLIC-RELATIONS,3,0,3,0
31292364,PUBLIC-RELATIONS,4,0,3,0
11902276,PUBLIC-RELATIONS,5,0,3,0
18436190,PUBLIC-RELATIONS,1,0,3,0
23771896,PUBLIC-RELATIONS,4,0,3,0
25413261,PUBLIC-RELATIONS,7,0,3,0
49119887,PUBLIC-RELATIONS,1,0,2,0
27000192,PUBLIC-RELATIONS,2,0,3,0
27257013,PUBLIC-RELATIONS,6,0,3,0
45900271,PUBLIC-RELATIONS,2,0,3,0
22560013,PUBLIC-RELATIONS,5,0,3,0
24977396,PUBLIC-RELATIONS,2,0,3,0
14364597,PUBLIC-RELATIONS,3,0,3,0
59346975,PUBLIC-RELATIONS,4,0,3,0
11850315,PUBLIC-RELATIONS,5,0,3,0
24710433,PUBLIC-RELATIONS,7,0,3,0
21297828,PUBLIC-RELATIONS,1,0,3,0
26330995,PUBLIC-RELATIONS,5,0,3,0
30642458,PUBLIC-RELATIONS,5,0,3,0
19503224,PUBLIC-RELATIONS,3,0,3,0
36107065,PUBLIC-RELATIONS,1,0,2,0
10554045,PUBLIC-RELATIONS,4,0,3,0
29525715,PUBLIC-RELATIONS,7,0,3,0
15917885,PUBLIC-RELATIONS,2,0,3,0
12567516,PUBLIC-RELATIONS,7,0,3,0
21478007,PUBLIC-RELATIONS,3,0,3,0
24590489,PUBLIC-RELATIONS,4,0,3,0
14667659,PUBLIC-RELATIONS,4,0,3,0
19929506,PUBLIC-RELATIONS,5,0,3,0
31220062,PUBLIC-RELATIONS,2,0,3,0
26173524,PUBLIC-RELATIONS,5,0,3,0
85973397,PUBLIC-RELATIONS,6,0,3,0
18133495,PUBLIC-RELATIONS,4,0,3,0
14128006,PUBLIC-RELATIONS,3,0,3,0
16620172,PUBLIC-RELATIONS,4,0,3,0
25001005,PUBLIC-RELATIONS,6,0,3,0
19497420,PUBLIC-RELATIONS,8,0,3,0
37375999,PUBLIC-RELATIONS,5,0,3,0
11160414,PUBLIC-RELATIONS,5,0,3,0
85766635,PUBLIC-RELATIONS,3,0,3,0
16226743,PUBLIC-RELATIONS,5,0,3,0
61319162,PUBLIC-RELATIONS,7,0,3,0
38056161,PUBLIC-RELATIONS,4,0,3,0
65237556,PUBLIC-RELATIONS,5,0,3,0
75329822,PUBLIC-RELATIONS,5,0,3,0
11624880,PUBLIC-RELATIONS,5,0,3,0
31211074,PUBLIC-RELATIONS,2,0,3,0
21669215,PUBLIC-RELATIONS,3,0,3,0
19558834,PUBLIC-RELATIONS,4,0,3,0
53701275,PUBLIC-RELATIONS,5,0,3,0
22455205,PUBLIC-RELATIONS,7,0,3,0
20966771,PUBLIC-RELATIONS,7,0,3,0
19072267,PUBLIC-RELATIONS,3,0,3,0
21321598,PUBLIC-RELATIONS,1,0,3,0
11842274,PUBLIC-RELATIONS,2,0,3,0
21549195,PUBLIC-RELATIONS,4,0,3,0
36671891,PUBLIC-RELATIONS,5,0,3,0
51415089,PUBLIC-RELATIONS,4,0,3,0
28531493,PUBLIC-RELATIONS,5,0,3,0
16103783,PUBLIC-RELATIONS,4,0,3,0
11635137,PUBLIC-RELATIONS,4,0,3,0
13129275,PUBLIC-RELATIONS,5,0,3,0
20470943,PUBLIC-RELATIONS,5,0,3,0
23015611,PUBLIC-RELATIONS,5,0,3,0
34712719,PUBLIC-RELATIONS,3,0,3,0
14910300,PUBLIC-RELATIONS,1,0,3,0
21386255,PUBLIC-RELATIONS,3,0,3,0
88651471,PUBLIC-RELATIONS,7,0,3,0
22861181,PUBLIC-RELATIONS,3,0,3,0
45462344,PUBLIC-RELATIONS,3,1,3,0
24677466,PUBLIC-RELATIONS,7,0,3,0
23602130,PUBLIC-RELATIONS,5,0,3,0
13915715,PUBLIC-RELATIONS,0,0,3,0
13727873,PUBLIC-RELATIONS,3,0,3,0
93828034,PUBLIC-RELATIONS,5,0,3,0
24491862,PUBLIC-RELATIONS,5,0,3,0
29329075,PUBLIC-RELATIONS,3,0,3,0
33072201,PUBLIC-RELATIONS,5,0,3,0
23631724,PUBLIC-RELATIONS,5,0,3,0
14611516,PUBLIC-RELATIONS,4,0,3,0
32441790,PUBLIC-RELATIONS,1,0,3,0
12237267,PUBLIC-RELATIONS,4,0,3,0
42332765,PUBLIC-RELATIONS,5,0,3,0
26127853,PUBLIC-RELATIONS,2,0,3,0
10926726,PUBLIC-RELATIONS,5,0,3,0
14966165,PUBLIC-RELATIONS,3,0,3,0
22754014,PUBLIC-RELATIONS,4,0,3,0
28975482,PUBLIC-RELATIONS,6,0,3,0
21663616,PUBLIC-RELATIONS,1,1,3,0
10873344,PUBLIC-RELATIONS,0,0,3,0
41590605,PUBLIC-RELATIONS,7,0,3,0
23048999,PUBLIC-RELATIONS,2,0,3,0
74552449,BANKING,0,0,3,0
79041971,BANKING,3,0,3,0
77156708,BANKING,8,0,2,0
24580361,BANKING,1,0,3,0
34953092,BANKING,5,0,3,0
17189156,BANKING,1,0,3,0
19920687,BANKING,3,0,3,0
26579709,BANKING,5,0,3,0
29093426,BANKING,4,0,3,0
33286293,BANKING,5,0,3,0
29552167,BANKING,1,0,3,0
69243180,BANKING,5,0,3,0
26987539,BANKING,2,0,3,0
17276884,BANKING,4,0,3,0
22615491,BANKING,1,0,3,0
45167858,BANKING,2,1,3,0
13982572,BANKING,2,0,3,0
3547447,BANKING,3,0,3,0
98965485,BANKING,2,0,3,0
38897568,BANKING,4,0,3,0
12021752,BANKING,4,0,3,0
19149865,BANKING,5,0,3,0
29839396,BANKING,3,0,3,0
15856762,BANKING,6,0,3,0
18208580,BANKING,4,0,3,0
17396388,BANKING,6,0,3,0
28419927,BANKING,1,0,3,0
87867370,BANKING,4,0,3,0
27120528,BANKING,4,0,3,0
70667011,BANKING,4,0,3,0
36302399,BANKING,3,0,3,0
89049979,BANKING,2,0,3,0
43375498,BANKING,4,0,3,0
30713796,BANKING,4,0,3,0
18805506,BANKING,2,0,3,0
39247950,BANKING,5,0,3,0
30127072,BANKING,3,0,3,0
11065180,BANKING,4,0,3,0
11637468,BANKING,4,0,3,0
54421668,BANKING,1,0,3,0
13393401,BANKING,2,0,3,0
71422121,BANKING,5,0,3,0
18457785,BANKING,6,0,3,0
21856577,BANKING,2,0,3,0
21645690,BANKING,2,0,3,0
25780596,BANKING,4,0,3,0
34185495,BANKING,3,0,3,0
35483925,BANKING,1,0,3,0
19374660,BANKING,2,0,3,0
34758680,BANKING,2,0,3,0
21297521,BANKING,3,0,3,0
23323001,BANKING,1,0,3,0
25080805,BANKING,1,0,3,0
27606527,BANKING,3,0,3,0
33872500,BANKING,4,0,3,0
18172739,BANKING,2,0,3,0
32980197,BANKING,2,0,3,0
11672279,BANKING,3,0,3,0
33135102,BANKING,1,0,3,0
20850529,BANKING,4,0,3,0
34783330,BANKING,4,0,3,0
33370664,BANKING,2,0,3,0
17823436,BANKING,3,0,3,0
15553584,BANKING,1,0,3,0
39569771,BANKING,4,0,3,0
11842348,BANKING,1,0,3,0
36905896,BANKING,1,0,3,0
13173522,BANKING,3,0,3,0
25624652,BANKING,5,0,3,0
11262933,BANKING,3,0,3,0
10909673,BANKING,6,0,3,0
98348532,BANKING,3,0,3,0
19176318,BANKING,4,1,3,0
17818707,BANKING,1,0,3,0
17213671,BANKING,5,0,3,0
31025785,BANKING,3,0,3,0
60489316,BANKING,6,0,3,0
60182829,BANKING,6,0,3,0
21796843,BANKING,5,0,3,0
65864767,BANKING,5,0,3,0
11773925,BANKING,2,0,3,0
26673507,BANKING,7,0,3,0
72876163,BANKING,6,0,3,0
18824120,BANKING,4,0,3,0
27884470,BANKING,2,0,3,0
64589506,BANKING,5,0,3,0
29406313,BANKING,8,0,3,0
16300459,BANKING,5,0,3,0
20992320,BANKING,5,0,3,0
73157997,BANKING,3,0,3,0
28895997,BANKING,2,0,3,0
28051330,BANKING,1,0,3,0
25162378,BANKING,4,0,3,0
99124477,BANKING,3,0,3,0
17131084,BANKING,2,0,3,0
19437318,BANKING,2,0,3,0
35564026,BANKING,4,0,3,0
16407619,BANKING,3,0,3,0
10329506,BANKING,0,0,3,0
19911786,BANKING,5,0,3,0
96493528,BANKING,6,0,3,0
35492909,BANKING,3,0,3,0
25200253,BANKING,2,0,3,0
68781345,BANKING,1,0,3,0
14391434,BANKING,3,0,3,0
14626780,BANKING,4,0,3,0
28989677,BANKING,2,0,3,0
41651672,BANKING,4,0,3,0
18645964,BANKING,8,0,3,0
18278509,BANKING,1,0,3,0
18369400,BANKING,0,0,3,0
11266906,BANKING,1,0,3,0
31710562,BANKING,7,0,3,0
39142536,BANKING,6,0,3,0
21756639,BANKING,5,0,3,0
31273413,ARTS,1,0,3,0
12386670,ARTS,5,0,3,0
93576192,ARTS,5,0,3,0
15306049,ARTS,1,0,3,0
31114531,ARTS,4,0,3,0
21060367,ARTS,5,0,3,0
17325147,ARTS,3,0,3,0
23752500,ARTS,1,0,3,0
20149476,ARTS,5,0,3,0
54100393,ARTS,1,0,3,0
11187796,ARTS,1,0,3,0
39470264,ARTS,5,0,3,0
12413512,ARTS,3,0,3,0
14879257,ARTS,5,0,3,0
46055835,ARTS,5,0,3,0
33344933,ARTS,2,0,3,0
24983760,ARTS,3,0,3,0
29148871,ARTS,6,0,3,0
28325193,ARTS,3,0,3,0
15265464,ARTS,5,0,3,0
24349611,ARTS,5,0,3,0
19508520,ARTS,2,0,3,0
22800977,ARTS,4,0,3,0
36758947,ARTS,1,0,3,0
11555549,ARTS,3,0,3,0
32318506,ARTS,2,0,3,0
73497035,ARTS,6,0,3,0
12777487,ARTS,5,0,3,0
36379931,ARTS,3,0,3,0
26069113,ARTS,6,0,3,0
41950126,ARTS,3,0,3,0
20488267,ARTS,2,0,3,0
22593054,ARTS,3,0,2,0
25561640,ARTS,5,0,3,0
43622023,ARTS,2,0,3,0
18319061,ARTS,1,0,3,0
25923361,ARTS,1,0,3,0
18106533,ARTS,1,0,3,0
50432401,ARTS,6,0,3,0
19724031,ARTS,1,0,3,0
28471099,ARTS,5,0,3,0
22848179,ARTS,4,0,3,0
37220856,ARTS,3,0,3,0
78107631,ARTS,1,0,3,0
21867728,ARTS,1,0,3,0
37472265,ARTS,3,0,3,0
17033567,ARTS,3,0,3,0
19671909,ARTS,4,0,3,0
11995013,ARTS,1,0,3,0
28629430,ARTS,5,0,3,0
53227466,ARTS,3,0,3,0
26079779,ARTS,3,0,3,0
83338413,ARTS,3,0,3,0
18029935,ARTS,6,0,3,0
16962067,ARTS,6,0,3,0
14150896,ARTS,0,0,3,0
27936502,ARTS,4,0,3,0
65325317,ARTS,4,0,3,0
30594821,ARTS,1,0,3,0
27164756,ARTS,4,0,3,0
34146825,ARTS,2,0,3,0
99561379,ARTS,1,0,3,0
54180474,ARTS,4,0,3,0
37751611,ARTS,5,0,3,0
73030450,ARTS,2,0,3,0
39608848,ARTS,2,0,3,0
16244633,ARTS,7,0,3,0
10830646,ARTS,6,0,3,0
27024099,ARTS,1,0,3,0
65352424,ARTS,4,0,2,0
28711616,ARTS,4,0,3,0
39064638,ARTS,1,0,3,0
18586076,ARTS,4,0,3,0
13272204,ARTS,5,0,3,0
11360471,ARTS,2,0,3,0
18885767,ARTS,5,0,3,0
20698469,ARTS,2,0,3,0
27715131,ARTS,4,0,3,0
32794700,ARTS,1,0,3,0
23139437,ARTS,1,0,3,0
23917826,ARTS,5,0,3,0
20148147,ARTS,2,0,3,0
34304175,ARTS,0,0,3,0
26410763,ARTS,1,0,3,0
21809601,ARTS,2,0,3,0
27096796,ARTS,0,0,3,0
25157655,ARTS,2,0,3,0
25926667,ARTS,5,0,3,0
20356750,ARTS,1,0,3,0
24061629,ARTS,4,0,3,0
17694454,ARTS,2,0,3,0
99033098,ARTS,1,0,3,0
38115035,ARTS,1,0,3,0
17857644,ARTS,3,1,3,0
12334650,ARTS,0,0,3,0
36019469,ARTS,7,0,3,0
79432080,ARTS,4,0,3,0
94230796,ARTS,3,0,3,0
66226673,ARTS,1,0,3,0
83206166,ARTS,3,0,3,0
22182279,ARTS,4,0,3,0
16887936,ARTS,7,0,3,0
14248724,ARTS,1,0,2,0
69458502,AVIATION,7,0,3,0
82738323,AVIATION,1,0,3,0
16833515,AVIATION,8,0,3,0
11804712,AVIATION,1,0,3,0
21287405,AVIATION,2,0,3,0
10176815,AVIATION,2,0,3,0
29221006,AVIATION,0,0,3,0
23761385,AVIATION,8,0,3,0
38355831,AVIATION,1,0,3,0
24773845,AVIATION,4,0,3,0
17876954,AVIATION,4,0,3,0
36252245,AVIATION,4,0,3,0
32720816,AVIATION,1,0,3,0
36727173,AVIATION,3,0,3,0
91431878,AVIATION,2,1,3,0
42546558,AVIATION,4,0,3,0
87826037,AVIATION,5,0,3,0
17483843,AVIATION,2,0,3,0
22232367,AVIATION,2,0,3,0
70198580,AVIATION,3,0,3,0
67631413,AVIATION,2,0,3,0
26819872,AVIATION,2,0,3,0
13234267,AVIATION,0,0,3,0
26888302,AVIATION,3,0,3,0
13195436,AVIATION,2,0,3,0
81588968,AVIATION,2,0,3,0
18268860,AVIATION,1,0,3,0
14790629,AVIATION,3,0,2,0
12144825,AVIATION,3,0,3,0
90318913,AVIATION,1,0,3,0
26279402,AVIATION,1,0,3,0
94137171,AVIATION,2,0,3,0
27902692,AVIATION,3,0,3,0
28186635,AVIATION,4,0,3,0
42641525,AVIATION,1,0,3,0
34419403,AVIATION,1,0,3,0
43720116,AVIATION,5,0,3,0
15618327,AVIATION,1,0,3,0
14589288,AVIATION,1,0,3,0
43408471,AVIATION,3,0,3,0
38154903,AVIATION,1,0,3,0
29167286,AVIATION,3,0,3,0
11169163,AVIATION,5,0,3,0
28383893,AVIATION,7,1,3,0
20026169,AVIATION,3,0,3,0
38047274,AVIATION,1,0,3,0
16449694,AVIATION,5,0,3,0
11137306,AVIATION,2,0,3,0
19818707,AVIATION,2,0,3,0
17274759,AVIATION,3,0,3,0
19506295,AVIATION,4,0,3,0
50775901,AVIATION,2,0,3,0
22990761,AVIATION,2,0,3,0
10945968,AVIATION,2,0,3,0
12192507,AVIATION,1,0,3,0
24154692,AVIATION,6,0,3,0
23985183,AVIATION,4,0,3,0
29161565,AVIATION,0,0,3,0
11333001,AVIATION,1,0,3,0
25718772,AVIATION,4,0,3,0
65219288,AVIATION,7,0,3,0
27502951,AVIATION,5,0,3,0
15823995,AVIATION,4,0,3,0
22650051,AVIATION,3,0,3,0
24668861,AVIATION,3,0,2,0
42427521,AVIATION,4,0,3,0
96457008,AVIATION,1,0,3,0
38989376,AVIATION,4,0,3,0
13405229,AVIATION,2,0,3,0
17686472,AVIATION,5,0,3,0
54232810,AVIATION,2,0,3,0
25719936,AVIATION,5,0,3,0
68216398,AVIATION,2,0,3,0
17983430,AVIATION,5,0,3,0
92283635,AVIATION,2,0,3,0
11614114,AVIATION,2,0,3,0
61315605,AVIATION,3,0,3,0
16850314,AVIATION,1,0,3,0
11959428,AVIATION,0,0,2,0
10395944,AVIATION,1,0,3,0
10189110,AVIATION,1,1,3,0
10567764,AVIATION,1,0,3,0
30148777,AVIATION,2,0,3,0
24544244,AVIATION,3,0,3,0
19284293,AVIATION,4,0,3,0
11752500,AVIATION,3,0,3,0
31536294,AVIATION,3,0,2,0
22442947,AVIATION,2,0,3,0
27512470,AVIATION,5,0,3,0
14874322,AVIATION,1,0,3,0
23464505,AVIATION,5,0,3,0
12504278,AVIATION,1,0,3,0
58048626,AVIATION,3,0,3,0
15684810,AVIATION,2,0,3,0
17694572,AVIATION,3,0,3,0
22168194,AVIATION,0,0,3,0
29595906,AVIATION,0,0,3,0
77626587,AVIATION,2,0,3,0
98389424,AVIATION,5,0,3,0
38663892,AVIATION,4,0,3,0
17152392,AVIATION,6,0,3,0
49646155,AVIATION,7,0,3,0
33627938,AVIATION,2,0,2,0
12904972,AVIATION,1,0,3,0
12239749,AVIATION,2,0,3,0
16279537,AVIATION,1,0,2,0
17008356,AVIATION,4,0,3,0
28020046,AVIATION,5,0,3,0
25625173,AVIATION,7,0,3,0
29534737,AVIATION,5,0,3,0
17655479,AVIATION,2,0,3,0
12043694,AVIATION,1,0,3,0
99416532,AVIATION,3,0,3,0
24589765,AVIATION,7,0,3,0
31605080,AVIATION,1,1,3,0
21190805,AVIATION,3,1,3,0
37473139,AVIATION,1,0,3,0
